發生時間,車種,Y,X
2012-10-01 00:25:00,計程車-小客車;普通重型-機車,25.11529,121.5229
2012-10-01 01:48:00,普通重型-機車;普通重型-機車;普通重型-機車;普通重型-機車,25.05805,121.5957
2012-10-01 02:25:00,普通重型-機車;計程車-小客車,25.05289,121.5969
2012-10-01 02:40:00,自用-小客車;計程車-小客車;普通重型-機車;普通重型-機車;計程車-小客車,25.02672,121.5467
2012-10-01 03:00:00,普通重型-機車;普通重型-機車,25.12121,121.5115
2012-10-01 03:38:00,自用-小客車;普通重型-機車,25.04750,121.5081
2012-10-01 05:45:00,行人-人;普通重型-機車,25.03787,121.4944
2012-10-01 06:41:00,計程車-小客車;行人-人,25.08644,121.5199
2012-10-01 07:12:00,其他車-其他車;腳踏自行車-慢車,25.05919,121.6077
2012-10-01 07:25:00,計程車-小客車;普通輕型-機車;普通輕型-機車,25.05620,121.5523
2012-10-01 07:50:00,自用-小客車;普通重型-機車;普通重型-機車,25.05181,121.5115
2012-10-01 08:15:00,普通重型-機車;普通重型-機車,25.06415,121.5653
2012-10-01 08:20:00,普通重型-機車;普通重型-機車,25.02185,121.5351
2012-10-01 08:20:00,普通重型-機車;普通重型-機車;普通重型-機車,25.06285,121.5126
2012-10-01 08:27:00,普通重型-機車;普通重型-機車,25.11353,121.5362
2012-10-01 08:29:00,腳踏自行車-慢車;普通重型-機車;普通重型-機車,25.02590,121.5015
2012-10-01 08:30:00,普通重型-機車,25.04490,121.5551
2012-10-01 08:43:00,普通重型-機車;自用-小客車,25.02494,121.5636
2012-10-01 08:49:00,自用-小客車;普通輕型-機車,25.07489,121.6054
2012-10-01 09:25:00,普通重型-機車;普通輕型-機車,25.06202,121.6005
2012-10-01 09:35:00,普通重型-機車;自用-小客車,25.07330,121.6059
2012-10-01 09:40:00,計程車-小客車;行人-人,25.03727,121.5494
2012-10-01 09:50:00,租賃車-小客車;普通重型-機車,25.08726,121.5691
2012-10-01 09:50:00,普通重型-機車;自用-小客車,25.03943,121.5750
2012-10-01 10:30:00,普通重型-機車;自用-小貨車,25.02352,121.5539
2012-10-01 11:15:00,普通重型-機車;普通重型-機車,25.07093,121.5200
2012-10-01 11:20:00,自用-小客車;普通重型-機車;普通重型-機車,25.21030,121.6659
2012-10-01 11:53:00,普通輕型-機車;自用-小客車,25.04931,121.5921
2012-10-01 12:20:00,計程車-小客車;普通重型-機車,25.12688,121.4679
2012-10-01 12:45:00,普通重型-機車;自用-小客車,25.02062,121.5339
2012-10-01 13:50:00,自用-小客車;普通重型-機車,25.08445,121.5613
2012-10-01 14:50:00,普通重型-機車;普通重型-機車;普通重型-機車;普通重型-機車;腳踏自行車-慢車;腳踏自行車-慢車,25.11074,121.5299
2012-10-01 15:09:00,自用-小客車;計程車-小客車,25.06379,121.5801
2012-10-01 16:34:00,普通重型-機車;普通重型-機車;普通重型-機車,25.21030,121.6659
2012-10-01 17:15:00,普通重型-機車;普通重型-機車,25.08221,121.5154
2012-10-01 17:40:00,普通重型-機車;腳踏自行車-慢車,25.05353,121.5116
2012-10-01 17:45:00,普通重型-機車;普通重型-機車;普通重型-機車;普通重型-機車,25.03653,121.5049
2012-10-01 17:50:00,民營客運-大客車;普通重型-機車,25.08095,121.5843
2012-10-01 17:55:00,普通重型-機車;普通重型-機車,25.11531,121.5208
2012-10-01 18:00:00,腳踏自行車-慢車;腳踏自行車-慢車,25.01842,121.5342
2012-10-01 18:00:00,其他車-其他車;普通重型-機車,25.05050,121.5591
2012-10-01 18:25:00,自用-小客車;普通重型-機車,25.05497,121.6029
2012-10-01 18:35:00,其他車-其他車;普通重型-機車;普通重型-機車,25.01648,121.5425
2012-10-01 18:50:00,普通重型-機車;普通重型-機車,25.05414,121.6185
2012-10-01 20:00:00,自用-小客車;普通重型-機車,25.04629,121.5671
2012-10-01 20:03:00,普通重型-機車;普通重型-機車,25.21030,121.6659
2012-10-01 20:40:00,自用-小客車;自用-小客車;自用-小客車;自用-小客車,25.05649,121.5290
2012-10-01 20:45:00,租賃車-小客車;計程車-小客車;計程車-小客車;自用-小客車;計程車-小客車,25.09563,121.4991
2012-10-01 21:08:00,普通重型-機車;腳踏自行車-慢車;自用-小客車,25.13553,121.4751
2012-10-01 21:34:00,普通重型-機車;自用-小客車,25.07988,121.5805
2012-10-01 21:45:00,普通重型-機車;普通重型-機車,25.04738,121.5620
2012-10-01 22:30:00,普通重型-機車;行人-人,25.13589,121.5000
2012-10-01 22:50:00,普通重型-機車;自用-小客車,25.04803,121.5715
2012-10-01 09:34:00,腳踏自行車-慢車,25.10840,121.4985
2012-10-02 01:00:00,民營客運-大客車;普通重型-機車,25.21030,121.6659
2012-10-02 00:20:00,自用-小客車;普通重型-機車,25.05050,121.5487
2012-10-02 00:21:00,普通重型-機車,25.05685,121.5572
2012-10-02 00:45:00,自用-小客車;普通重型-機車,25.06255,121.5288
2012-10-02 06:50:00,普通重型-機車;普通重型-機車,25.06189,121.6138
2012-10-02 07:30:00,普通重型-機車;普通重型-機車,25.21030,121.6659
2012-10-02 07:30:00,自用-小貨車;腳踏自行車-慢車,25.11969,121.5706
2012-10-02 07:55:00,普通重型-機車;自用-小客車,25.08510,121.5522
2012-10-02 08:01:00,普通重型-機車;普通重型-機車;普通重型-機車,25.05368,121.4872
2012-10-02 08:20:00,普通重型-機車;普通重型-機車,25.11409,121.5099
2012-10-02 08:45:00,普通重型-機車;普通重型-機車,25.13361,121.5083
2012-10-02 09:00:00,自用-小客車;普通輕型-機車,25.06314,121.5248
2012-10-02 09:05:00,自用-小客車;行人-人,25.12174,121.5350
2012-10-02 09:10:00,自用-小客車;普通重型-機車,25.08050,121.5674
2012-10-02 09:17:00,遊覽車-大客車;行人-人,25.21030,121.6659
2012-10-02 09:20:00,普通重型-機車;普通輕型-機車,25.03361,121.5310
2012-10-02 09:39:00,計程車-小客車;電動自行車-慢車;計程車-小客車,25.06241,121.5480
2012-10-02 09:41:00,腳踏自行車-慢車;普通重型-機車,25.02654,121.5574
2012-10-02 09:45:00,普通輕型-機車;普通重型-機車,25.03002,121.5583
2012-10-02 10:54:00,普通重型-機車;自用-小貨車,25.03307,121.5542
2012-10-02 11:06:00,普通輕型-機車;自用-小客車,25.04274,121.5543
2012-10-02 11:41:00,自用-小客車;普通重型-機車,25.21030,121.6659
2012-10-02 12:00:00,自用-小客車;腳踏自行車-慢車,25.05721,121.5173
2012-10-02 12:06:00,普通重型-機車;普通重型-機車,25.21030,121.6659
2012-10-02 12:09:00,普通重型-機車;自用-小客車,25.05905,121.5553
2012-10-02 12:10:00,普通重型-機車;營業用-小貨車,25.02747,121.5436
2012-10-02 12:40:00,計程車-小客車;自用-小客車;計程車-小客車,25.05629,121.5343
2012-10-02 12:50:00,計程車-小客車;普通重型-機車;普通重型-機車,25.03373,121.5298
2012-10-02 13:18:00,普通重型-機車;自用-小貨車,25.06598,121.5173
2012-10-02 13:30:00,計程車-小客車;自用-小客車;自用-小貨車,25.07129,121.5818
2012-10-02 14:50:00,租賃車-小客車;普通重型-機車,25.10580,121.5118
2012-10-02 15:10:00,普通重型-機車;行人-人,25.11513,121.6286
2012-10-02 15:32:00,自用-小客車;普通輕型-機車,25.12121,121.5115
2012-10-02 15:35:00,計程車-小客車;普通重型-機車;自用-小客車,25.04234,121.5229
2012-10-02 15:40:00,自用-小客車;普通重型-機車;普通重型-機車,25.10863,121.5397
2012-10-02 15:57:00,普通重型-機車;自用-小貨車,25.06748,121.5829
2012-10-02 16:19:00,計程車-小客車;普通重型-機車;普通重型-機車,25.05705,121.5182
2012-10-02 16:30:00,其他車-其他車;其他車-其他車;普通重型-機車;其他車-其他車,25.09449,121.5504
2012-10-02 17:05:00,自用-小客車;普通重型-機車,25.21030,121.6659
2012-10-02 17:05:00,民營客運-大客車;普通輕型-機車,25.06132,121.5690
2012-10-02 17:20:00,普通重型-機車;普通重型-機車,25.21030,121.6659
2012-10-02 17:25:00,計程車-小客車;行人-人,25.21030,121.6659
2012-10-02 17:45:00,普通重型-機車;普通重型-機車,25.13248,121.4999
2012-10-02 17:50:00,普通重型-機車;自用-小客車,25.21030,121.6659
2012-10-02 17:50:00,普通重型-機車;普通重型-機車,25.21030,121.6659
2012-10-02 18:10:00,計程車-小客車;普通重型-機車,25.03489,121.5495
2012-10-02 18:20:00,普通重型-機車;普通重型-機車,25.12266,121.4999
2012-10-02 18:45:00,普通重型-機車,25.04879,121.5904
2012-10-02 18:52:00,普通重型-機車;普通重型-機車,25.05572,121.5506
2012-10-02 18:55:00,普通重型-機車;自用-小客車,25.21030,121.6659
2012-10-02 19:05:00,普通重型-機車;普通重型-機車,25.03310,121.5542
2012-10-02 19:17:00,普通重型-機車;普通重型-機車,25.04919,121.5858
2012-10-02 19:58:00,普通重型-機車;普通輕型-機車,25.05920,121.5507
2012-10-02 21:10:00,普通重型-機車;普通重型-機車,25.03514,121.5388
2012-10-02 21:18:00,自用-小客車;普通重型-機車,25.10365,121.5442
2012-10-02 21:21:00,普通重型-機車;自用-小客車,25.02914,121.5696
2012-10-02 21:43:00,自用-小客車;普通輕型-機車,25.04371,121.5597
2012-10-02 22:34:00,計程車-小客車;普通重型-機車,25.04956,121.5733
2012-10-02 22:51:00,自用-小客車;普通重型-機車,25.08707,121.5123
2012-10-02 23:44:00,普通重型-機車;普通重型-機車,25.21030,121.6659
2012-10-03 06:00:00,自用-小貨車;普通重型-機車,25.01417,121.5622
2012-10-03 06:10:00,普通重型-機車;自用-小客車,25.05586,121.5336
2012-10-03 06:13:00,普通重型-機車;計程車-小客車,25.02616,121.4983
2012-10-03 06:30:00,普通重型-機車;普通重型-機車,25.07265,121.6088
2012-10-03 07:35:00,租賃車-小客車;普通重型-機車,25.09503,121.5293
2012-10-03 07:45:00,自用-小貨車;普通重型-機車,25.05774,121.5862
2012-10-03 07:46:00,自用-小客車;普通重型-機車,25.21030,121.6659
2012-10-03 07:49:00,自用-小客車;普通重型-機車,25.10792,121.5279
2012-10-03 08:15:00,普通輕型-機車;行人-人,25.04972,121.5336
2012-10-03 08:19:00,計程車-小客車;普通重型-機車,25.02672,121.5467
2012-10-03 08:32:00,腳踏自行車-慢車;計程車-小客車;自用-小貨車,25.07281,121.5201
2012-10-03 08:35:00,普通重型-機車;普通重型-機車;普通重型-機車,25.12121,121.5115
2012-10-03 09:10:00,普通重型-機車;普通重型-機車,25.14104,121.4748
2012-10-03 09:24:00,普通重型-機車;普通重型-機車,25.06680,121.5826
2012-10-03 09:25:00,計程車-小客車;普通重型-機車,25.05697,121.6086
2012-10-03 09:30:00,營業用-小貨車;行人-人,25.06413,121.5227
2012-10-03 09:30:00,自用-小客車;行人-人,25.02621,121.5205
2012-10-03 09:35:00,自用-小客車;行人-人,25.03787,121.5749
2012-10-03 11:05:00,自用-小客車;普通重型-機車,25.05294,121.5577
2012-10-03 11:20:00,普通重型-機車;租賃車-小客車,25.06569,121.5672
2012-10-03 12:05:00,普通重型-機車,25.12448,121.4759
2012-10-03 12:19:00,營業用-大貨車;普通重型-機車,25.07130,121.6143
2012-10-03 12:40:00,自用-小客車;普通重型-機車;普通重型-機車,25.21030,121.6659
2012-10-03 13:05:00,普通重型-機車;普通重型-機車;普通重型-機車;普通重型-機車,25.12258,121.4971
2012-10-03 13:42:00,普通重型-機車;普通輕型-機車,25.02160,121.5556
2012-10-03 14:05:00,自用-小客車;普通輕型-機車,25.06390,121.5243
2012-10-03 14:10:00,普通重型-機車;普通輕型-機車,25.04656,121.5485
2012-10-03 14:15:00,普通重型-機車;普通輕型-機車,25.03339,121.5153
2012-10-03 14:16:00,自用-小客車;普通重型-機車,25.13097,121.5046
2012-10-03 14:42:00,計程車-小客車;普通重型-機車,25.11371,121.5386
2012-10-03 15:05:00,自用-小客車;自用-小客車,25.09893,121.5398
2012-10-03 15:27:00,計程車-小客車;普通重型-機車,25.21030,121.6659
2012-10-03 15:35:00,普通重型-機車;普通重型-機車;普通重型-機車,25.21030,121.6659
2012-10-03 16:10:00,普通重型-機車;普通重型-機車,25.12474,121.4683
2012-10-03 16:30:00,計程車-小客車;普通重型-機車,25.03600,121.5232
2012-10-03 16:30:00,普通重型-機車;自用-小客車,25.07129,121.5818
2012-10-03 17:00:00,自用-小客車;普通重型-機車;普通重型-機車,25.10372,121.5272
2012-10-03 17:08:00,普通重型-機車;普通重型-機車;普通重型-機車,25.11550,121.5124
2012-10-03 17:15:00,普通重型-機車;自用-小貨車,25.10769,121.4926
2012-10-03 17:30:00,自用-小客車;行人-人,25.02445,121.5546
2012-10-03 17:40:00,普通重型-機車;普通重型-機車,25.14395,121.4984
2012-10-03 18:10:00,計程車-小客車;普通重型-機車;普通輕型-機車,25.21030,121.6659
2012-10-03 18:30:00,自用-小客車;普通重型-機車,25.03339,121.5153
2012-10-03 18:35:00,計程車-小客車;普通重型-機車,25.04364,121.6180
2012-10-03 19:14:00,計程車-小客車;普通重型-機車,25.08225,121.5946
2012-10-03 19:50:00,自用-小客車;腳踏自行車-慢車,25.02474,121.5605
2012-10-03 20:10:00,自用-小客車;普通重型-機車,25.03355,121.5356
2012-10-03 20:21:00,計程車-小客車;普通輕型-機車,25.05961,121.5282
2012-10-03 21:20:00,自用-小客車;普通重型-機車,25.12994,121.5880
2012-10-03 21:30:00,腳踏自行車-慢車;普通重型-機車,25.21030,121.6659
2012-10-03 21:53:00,計程車-小客車;腳踏自行車-慢車,25.04251,121.6212
2012-10-03 22:43:00,自用-小客車;普通重型-機車,25.13085,121.5082
2012-10-03 14:50:00,租賃車-小客車;普通輕型-機車,25.06230,121.5383
2012-10-04 01:45:00,自用-小客車;自用-小客車;自用-小客車,25.06638,121.5736
2012-10-04 03:17:00,普通重型-機車;普通重型-機車,25.14496,121.5503
2012-10-04 03:20:00,計程車-小客車;普通重型-機車,25.10651,121.5250
2012-10-04 03:30:00,普通重型-機車;普通重型-機車,25.11518,121.5517
2012-10-04 06:45:00,其他車-其他車;普通重型-機車,25.09657,121.5321
2012-10-04 06:53:00,普通重型-機車;自用-小客車,25.08703,121.5585
2012-10-04 07:08:00,普通重型-機車;腳踏自行車-慢車,25.11515,121.5207
2012-10-04 07:17:00,普通重型-機車;普通重型-機車,25.04418,121.5651
2012-10-04 07:35:00,普通重型-機車;腳踏自行車-慢車,25.06480,121.5089
2012-10-04 08:10:00,普通重型-機車;普通重型-機車;普通重型-機車;普通重型-機車;普通重型-機車,25.07944,121.5301
2012-10-04 08:16:00,普通重型-機車;自用-小客車,25.05393,121.6145
2012-10-04 09:35:00,普通重型-機車;行人-人,25.06382,121.5661
2012-10-04 09:46:00,普通重型-機車;普通重型-機車,25.13722,121.4990
2012-10-04 09:57:00,普通重型-機車;普通重型-機車,25.09657,121.5321
2012-10-04 10:25:00,自用-小客車;普通重型-機車,25.09533,121.4992
2012-10-04 10:30:00,自用-小貨車;行人-人,25.04673,121.5842
2012-10-04 10:30:00,普通重型-機車;普通重型-機車,25.04056,121.4984
2012-10-04 10:40:00,普通重型-機車;計程車-小客車,25.21030,121.6659
2012-10-04 11:10:00,普通重型-機車;普通重型-機車,25.04509,121.5055
2012-10-04 11:25:00,計程車-小客車;普通重型-機車,25.21030,121.6659
2012-10-04 12:09:00,計程車-小客車;普通輕型-機車;普通輕型-機車,25.03550,121.5675
2012-10-04 12:39:00,計程車-小客車;普通重型-機車,25.04882,121.5577
2012-10-04 12:45:00,普通重型-機車;普通重型-機車;自用-小貨車,25.21030,121.6659
2012-10-04 13:15:00,普通重型-機車;計程車-小客車,25.09241,121.5724
2012-10-04 14:00:00,普通重型-機車;普通重型-機車,25.10709,121.5181
2012-10-04 14:50:00,其他車-其他車;普通重型-機車;普通重型-機車,25.06299,121.5202
2012-10-04 15:35:00,普通重型-機車;普通重型-機車,25.05156,121.5461
2012-10-04 16:05:00,普通重型-機車;普通重型-機車,25.21030,121.6659
2012-10-04 16:20:00,自用-小客車;普通重型-機車,25.14225,121.5130
2012-10-04 16:31:00,普通重型-機車;普通重型-機車,25.11229,121.5587
2012-10-04 16:35:00,普通重型-機車;普通重型-機車,25.21030,121.6659
2012-10-04 16:50:00,普通重型-機車;普通重型-機車,25.07752,121.5900
2012-10-04 16:50:00,計程車-小客車;普通重型-機車;普通重型-機車,25.09439,121.5283
2012-10-04 17:00:00,自用-小貨車;普通重型-機車,25.12448,121.4759
2012-10-04 18:00:00,普通輕型-機車;普通重型-機車,25.21030,121.6659
2012-10-04 18:00:00,自用-小客車;普通重型-機車;普通重型-機車,25.10664,121.5239
2012-10-04 18:05:00,自用-小客車;普通重型-機車;普通重型-機車,25.05813,121.6087
2012-10-04 18:06:00,自用-小客車;普通重型-機車,25.03683,121.5525
2012-10-04 18:21:00,其他車-其他車;普通重型-機車,25.21030,121.6659
2012-10-04 18:30:00,普通重型-機車;營業用-大貨車,25.02771,121.5349
2012-10-04 18:31:00,普通重型-機車;普通重型-機車,25.09767,121.5436
2012-10-04 19:25:00,普通重型-機車;普通重型-機車,25.05078,121.5279
2012-10-04 19:30:00,普通重型-機車;普通重型-機車,25.05893,121.5878
2012-10-04 20:20:00,自用-小客車;普通重型-機車,25.06853,121.6171
2012-10-04 20:35:00,普通重型-機車,25.15234,121.5487
2012-10-04 21:20:00,自用-小客車;普通輕型-機車,25.04564,121.5544
2012-10-04 21:30:00,租賃車-小客車;自用-小客車;自用-小客車,25.13742,121.5110
2012-10-04 21:45:00,腳踏自行車-慢車;腳踏自行車-慢車,25.02411,121.5121
2012-10-04 22:05:00,自用-小客車;普通重型-機車,25.21030,121.6659
2012-10-04 22:40:00,普通重型-機車;普通重型-機車;普通重型-機車,25.10372,121.5272
2012-10-04 22:45:00,普通重型-機車;普通重型-機車,25.21030,121.6659
2012-10-04 23:10:00,普通重型-機車;普通重型-機車,25.08056,121.5845
2012-10-04 23:50:00,普通重型-機車;自用-小客車,25.02168,121.5559
2012-10-05 00:50:00,自用-小客車;普通重型-機車,25.04663,121.5480
2012-10-05 01:32:00,普通重型-機車;普通重型-機車;計程車-小客車,25.00153,121.5542
2012-10-05 02:30:00,普通重型-機車;普通重型-機車,25.07987,121.5818
2012-10-05 02:36:00,普通重型-機車;自用-小客車;自用-小客車,25.14576,121.4986
2012-10-05 02:37:00,普通重型-機車;自用-小客車;自用-小客車,25.14576,121.4986
2012-10-05 03:55:00,普通重型-機車;普通重型-機車,25.02210,121.5496
2012-10-05 06:06:00,計程車-小客車;大型重型2-機車,25.11167,121.5258
2012-10-05 06:45:00,遊覽車-大客車;行人-人,25.06896,121.5908
2012-10-05 06:50:00,自用-小客車;普通重型-機車,25.04770,121.5076
2012-10-05 06:55:00,普通重型-機車;普通重型-機車,25.02751,121.4958
2012-10-05 07:05:00,普通輕型-機車;行人-人,25.04621,121.5495
2012-10-05 07:10:00,自用-小客車;普通輕型-機車,25.09114,121.5239
2012-10-05 07:20:00,自用-小客車;普通重型-機車,25.10372,121.5272
2012-10-05 07:30:00,計程車-小客車;普通重型-機車,25.02887,121.5265
2012-10-05 07:33:00,計程車-小客車;普通重型-機車;自用-小客車,25.05785,121.5131
2012-10-05 07:40:00,自用-小客車;普通重型-機車,25.03468,121.5446
2012-10-05 07:45:00,自用-小客車;普通重型-機車,25.21030,121.6659
2012-10-05 07:50:00,普通重型-機車;普通重型-機車,25.06775,121.5434
2012-10-05 08:20:00,自用-小貨車;普通重型-機車,25.06400,121.6114
2012-10-05 08:45:00,自用-小客車;行人-人;行人-人,25.11871,121.5071
2012-10-05 09:05:00,計程車-小客車;普通重型-機車,25.06413,121.5227
2012-10-05 09:20:00,自用-小貨車;行人-人,25.03024,121.5305
2012-10-05 09:30:00,普通重型-機車;普通重型-機車,25.13497,121.4702
2012-10-05 09:30:00,自用-小客車;腳踏自行車-慢車,25.13742,121.5340
2012-10-05 09:33:00,普通重型-機車;普通重型-機車,25.21030,121.6659
2012-10-05 09:40:00,計程車-小客車;普通重型-機車,25.21030,121.6659
2012-10-05 10:00:00,自用-小客車;普通重型-機車;自用-小客車,25.04056,121.4984
2012-10-05 10:30:00,普通重型-機車;腳踏自行車-慢車,25.21030,121.6659
2012-10-05 10:30:00,自用-小客車;普通重型-機車,25.09154,121.5157
2012-10-05 10:42:00,租賃車-小客車;普通重型-機車,25.04371,121.5341
2012-10-05 10:54:00,自用-小客車;普通輕型-機車,25.08819,121.5209
2012-10-05 11:00:00,租賃車-小客車;普通重型-機車,25.09073,121.5266
2012-10-05 11:13:00,普通重型-機車;普通重型-機車,25.07596,121.5801
2012-10-05 11:16:00,自用-小客車;腳踏自行車-慢車,25.02634,121.5388
2012-10-05 11:20:00,自用-小客車;計程車-小客車;普通輕型-機車,25.04263,121.5487
2012-10-05 11:40:00,自用-小客車;普通輕型-機車,25.21030,121.6659
2012-10-05 12:40:00,租賃車-小客車;普通重型-機車,25.09883,121.5211
2012-10-05 12:56:00,自用-小客車;普通重型-機車;普通重型-機車,25.06230,121.5383
2012-10-05 13:45:00,計程車-小客車;行人-人,25.21030,121.6659
2012-10-05 14:00:00,普通重型-機車;自用-小客車;普通重型-機車,25.03329,121.5455
2012-10-05 14:12:00,普通重型-機車;自用-小客車,25.04624,121.5377
2012-10-05 14:39:00,自用-小客車;普通重型-機車,25.06227,121.5314
2012-10-05 14:53:00,租賃車-小客車;普通輕型-機車,25.03514,121.5388
2012-10-05 14:55:00,自用-小客車;普通輕型-機車,25.05838,121.6154
2012-10-05 15:00:00,計程車-小客車;普通重型-機車,25.04349,121.5038
2012-10-05 15:20:00,自用-小客車;行人-人,25.12279,121.5041
2012-10-05 15:40:00,普通重型-機車,25.09892,121.5302
2012-10-05 15:50:00,自用-小貨車;普通重型-機車,25.11172,121.5261
2012-10-05 16:35:00,普通重型-機車;行人-人,25.02922,121.5028
2012-10-05 16:40:00,自用-小客車;普通重型-機車,25.10801,121.5203
2012-10-05 16:40:00,租賃車-小客車;普通重型-機車,25.06724,121.5181
2012-10-05 16:48:00,自用-小客車;普通重型-機車,25.10706,121.5301
2012-10-05 17:55:00,自用-小客車;普通重型-機車,25.05023,121.5294
2012-10-05 18:20:00,計程車-小客車;行人-人,25.07502,121.5338
2012-10-05 19:04:00,自用-小客車;普通重型-機車,25.05189,121.5297
2012-10-05 19:10:00,自用-小客車;普通重型-機車,25.03233,121.5207
2012-10-05 19:15:00,普通重型-機車;自用-小客車,25.03597,121.5325
2012-10-05 19:30:00,自用-小客車;普通重型-機車,25.21030,121.6659
2012-10-05 19:30:00,自用-小客車;普通重型-機車,25.05160,121.5868
2012-10-05 19:30:00,自用-小客車;普通重型-機車,25.04425,121.5814
2012-10-05 19:40:00,自用-小客車;普通重型-機車,25.00171,121.5409
2012-10-05 19:45:00,自用-小客車;普通重型-機車,25.02905,121.5592
2012-10-05 19:48:00,自用-小客車;普通重型-機車;普通重型-機車,25.05432,121.4542
2012-10-05 20:04:00,普通重型-機車;其他人-人,25.05362,121.5279
2012-10-05 20:32:00,租賃車-小客車;行人-人,25.03887,121.5741
2012-10-05 20:40:00,自用-小客車;普通重型-機車;普通重型-機車,25.11805,121.5228
2012-10-05 21:24:00,自用-小客車;普通重型-機車,25.05740,121.5322
2012-10-05 21:30:00,計程車-小客車;普通重型-機車,25.03474,121.5449
2012-10-05 21:42:00,普通重型-機車;計程車-小客車,25.19537,121.6078
2012-10-05 22:10:00,自用-小客車;普通輕型-機車,25.04281,121.5403
2012-10-05 22:30:00,計程車-小客車;普通重型-機車,25.04867,121.5678
2012-10-05 22:33:00,普通重型-機車;計程車-小客車,25.11135,121.5345
2012-10-05 22:50:00,普通重型-機車;行人-人,25.04186,121.5004
2012-10-05 23:05:00,計程車-小客車;普通輕型-機車,25.09252,121.5108
2012-10-05 23:30:00,普通重型-機車;自用-小客車,25.21030,121.6659
2012-10-05 23:45:00,普通重型-機車;普通重型-機車;普通重型-機車,25.06385,121.5202
2012-10-06 00:35:00,普通重型-機車;普通重型-機車,25.13361,121.5083
2012-10-06 01:00:00,計程車-小客車;普通重型-機車,25.02191,121.5576
2012-10-06 01:30:00,普通重型-機車;普通重型-機車,25.04304,121.5534
2012-10-06 04:00:00,普通重型-機車;其他人-人,25.04454,121.5794
2012-10-06 06:11:00,普通重型-機車;普通重型-機車;普通重型-機車,25.12121,121.5115
2012-10-06 07:23:00,民營公車-大客車;行人-人,25.05407,121.5607
2012-10-06 08:25:00,其他車-其他車;普通重型-機車,25.01510,121.5544
2012-10-06 08:40:00,自用-小貨車;自用-小貨車,25.10299,121.5035
2012-10-06 09:00:00,自用-小客車;普通重型-機車;普通重型-機車,25.21030,121.6659
2012-10-06 09:15:00,普通重型-機車;自用-小客車,25.00132,121.5770
2012-10-06 09:19:00,普通重型-機車;普通重型-機車,25.06299,121.5202
2012-10-06 09:30:00,民營公車-大客車;自用-小客車;普通重型-機車,25.04463,121.5513
2012-10-06 09:30:00,計程車-小客車;普通輕型-機車,25.04186,121.5697
2012-10-06 09:50:00,行人-人;普通重型-機車,25.02914,121.4969
2012-10-06 10:17:00,普通重型-機車;自用-小貨車,25.05023,121.5294
2012-10-06 10:25:00,普通重型-機車;普通重型-機車,25.21030,121.6659
2012-10-06 10:30:00,普通重型-機車;腳踏自行車-慢車;普通重型-機車,25.04221,121.5076
2012-10-06 10:35:00,自用-小客車;普通重型-機車,25.06059,121.6115
2012-10-06 11:00:00,自用-小客車;普通重型-機車,25.04462,121.5785
2012-10-06 11:26:00,自用-小客車;普通重型-機車;普通重型-機車,25.12266,121.4999
2012-10-06 11:30:00,自用-小客車;普通重型-機車,25.12418,121.5013
2012-10-06 11:59:00,自用-小客車;普通重型-機車,25.12526,121.5264
2012-10-06 12:30:00,普通重型-機車;腳踏自行車-慢車,25.12043,121.5188
2012-10-06 12:32:00,普通輕型-機車;普通重型-機車,25.05948,121.5206
2012-10-06 13:00:00,普通重型-機車;普通重型-機車,25.05701,121.5349
2012-10-06 13:09:00,計程車-小客車;行人-人,25.09374,121.5057
2012-10-06 13:20:00,普通重型-機車;自用-小客車,25.08669,121.5751
2012-10-06 15:40:00,自用-小客車;普通重型-機車,25.02727,121.5318
2012-10-06 16:00:00,普通重型-機車;自用-小客車,25.11479,121.5244
2012-10-06 16:00:00,普通重型-機車;普通重型-機車;普通重型-機車,25.08252,121.5244
2012-10-06 16:10:00,自用-小客車;普通重型-機車,25.02210,121.5496
2012-10-06 16:30:00,自用-小客車;行人-人,25.12852,121.4993
2012-10-06 18:00:00,普通重型-機車;自用-小客車,25.04593,121.5464
2012-10-06 19:20:00,普通重型-機車;自用-小客車,25.04609,121.5814
2012-10-06 19:40:00,普通重型-機車,25.21030,121.6659
2012-10-06 19:50:00,普通重型-機車;腳踏自行車-慢車,25.04931,121.5921
2012-10-06 20:08:00,自用-小客車;普通重型-機車,25.06200,121.5462
2012-10-06 20:15:00,普通重型-機車;普通重型-機車,25.11859,121.5261
2012-10-06 20:25:00,自用-小客車;普通重型-機車,25.07949,121.5679
2012-10-06 21:10:00,計程車-小客車;普通重型-機車,25.04827,121.5431
2012-10-06 21:25:00,自用-小客車;計程車-小客車;計程車-小客車;計程車-小客車,25.04580,121.5218
2012-10-06 21:45:00,計程車-小客車;普通重型-機車,25.05541,121.6070
2012-10-06 22:50:00,計程車-小客車;普通重型-機車;普通重型-機車,25.05560,121.5969
2012-10-06 22:50:00,自用-小客車;普通重型-機車,25.03801,121.5773
2012-10-07 13:20:00,普通重型-機車;自用-小客車,25.10863,121.5397
2012-10-07 00:03:00,自用-小客車;自用-小客車,25.06356,121.6224
2012-10-07 00:10:00,普通重型-機車;普通重型-機車,25.11651,121.4844
2012-10-07 01:14:00,普通重型-機車;普通重型-機車;其他人-人,25.04993,121.5616
2012-10-07 01:30:00,自用-小客車;普通重型-機車,25.09657,121.5321
2012-10-07 01:40:00,計程車-小客車;普通輕型-機車,25.08996,121.5117
2012-10-07 02:19:00,普通重型-機車;計程車-小客車;普通重型-機車;普通重型-機車,25.07939,121.5845
2012-10-07 02:29:00,腳踏自行車-慢車;計程車-小客車,25.04812,121.5507
2012-10-07 05:35:00,自用-小客車;腳踏自行車-慢車,25.04314,121.5889
2012-10-07 06:45:00,普通重型-機車;普通重型-機車,25.11515,121.5207
2012-10-07 07:20:00,普通重型-機車;普通重型-機車,25.09301,121.5169
2012-10-07 08:13:00,普通重型-機車;普通重型-機車,25.12448,121.4759
2012-10-07 09:00:00,自用-小客車;普通重型-機車,25.03977,121.5037
2012-10-07 09:10:00,普通重型-機車;普通重型-機車;普通重型-機車,25.12377,121.4861
2012-10-07 09:20:00,普通重型-機車;自用-小客車,25.03164,121.5012
2012-10-07 09:40:00,自用-小客車;普通重型-機車;自用-小客車,25.11059,121.5350
2012-10-07 10:00:00,計程車-小客車;普通重型-機車;自用-小客車,25.02796,121.5324
2012-10-07 10:28:00,自用-小客車;普通重型-機車;普通重型-機車,25.08477,121.5573
2012-10-07 11:10:00,計程車-小客車;普通輕型-機車;普通輕型-機車,25.14554,121.5038
2012-10-07 11:28:00,普通重型-機車;計程車-小客車;普通重型-機車,25.07769,121.5106
2012-10-07 12:05:00,自用-小客車;普通重型-機車;自用-小客車,25.06118,121.5808
2012-10-07 12:30:00,普通重型-機車;普通重型-機車,25.06128,121.5327
2012-10-07 13:10:00,普通重型-機車;行人-人,25.04576,121.5247
2012-10-07 13:30:00,普通重型-機車;普通重型-機車,25.04825,121.5056
2012-10-07 13:35:00,自用-小客車;普通輕型-機車;普通輕型-機車;普通輕型-機車,25.21030,121.6659
2012-10-07 15:10:00,普通重型-機車;自用-小貨車,25.07941,121.5177
2012-10-07 16:00:00,自用-小客車;腳踏自行車-慢車,25.06230,121.5383
2012-10-07 16:00:00,自用-小客車;行人-人,25.03725,121.4989
2012-10-07 16:35:00,自用-小客車;普通重型-機車;普通重型-機車,25.12859,121.5880
2012-10-07 17:00:00,普通重型-機車;普通重型-機車,25.13930,121.5292
2012-10-07 17:45:00,普通重型-機車;普通重型-機車,25.13583,121.4979
2012-10-07 18:00:00,普通重型-機車;普通重型-機車,25.06285,121.5126
2012-10-07 19:20:00,普通重型-機車;普通重型-機車;普通重型-機車,25.09974,121.5237
2012-10-07 19:50:00,普通重型-機車;自用-小客車,25.14114,121.5094
2012-10-07 19:58:00,普通重型-機車;行人-人,25.06403,121.5424
2012-10-07 21:05:00,自用-小客車;普通重型-機車,25.04852,121.5329
2012-10-07 21:20:00,計程車-小客車;普通重型-機車;普通重型-機車,25.02825,121.5482
2012-10-07 22:50:00,普通重型-機車;自用-小客車;普通重型-機車,25.02238,121.5038
2012-10-07 23:00:00,自用-小客車;普通重型-機車,25.07297,121.5998
2012-10-07 23:20:00,自用-小客車;普通重型-機車,25.04817,121.5405
2012-10-07 23:55:00,自用-小客車;普通重型-機車,25.06399,121.5358
2012-10-08 05:55:00,普通重型-機車,25.06299,121.5202
2012-10-08 06:50:00,計程車-小客車;行人-人,25.21030,121.6659
2012-10-08 06:50:00,自用-小客車;普通重型-機車,25.12448,121.4759
2012-10-08 07:10:00,自用-小客車;普通重型-機車,25.03287,121.5799
2012-10-08 07:30:00,自用-小客車;腳踏自行車-慢車,25.02023,121.5342
2012-10-08 07:45:00,自用-小客車;普通重型-機車,25.11575,121.5076
2012-10-08 08:00:00,普通重型-機車;普通重型-機車,25.04517,121.5404
2012-10-08 08:10:00,計程車-小客車;行人-人,25.04671,121.5831
2012-10-08 08:10:00,自用-小客車;普通重型-機車,25.08996,121.5117
2012-10-08 08:30:00,腳踏自行車-慢車;普通重型-機車,25.03955,121.5012
2012-10-08 08:45:00,營業用-半聯結車;民營客運-大客車;自用-小客車;自用-小客車;民營客運-大客車;民營客運-大客車;民營客運-大客車;民營客運-大客車,25.09241,121.5724
2012-10-08 08:48:00,普通重型-機車;普通重型-機車,25.05266,121.5200
2012-10-08 08:55:00,自用-小客車;普通重型-機車,25.08588,121.5649
2012-10-08 08:56:00,普通重型-機車;營業用-小貨車,25.14676,121.5509
2012-10-08 09:20:00,腳踏自行車-慢車;行人-人,25.06169,121.5251
2012-10-08 09:20:00,計程車-小客車;普通重型-機車,25.03963,121.5492
2012-10-08 09:20:00,普通重型-機車,25.10365,121.5442
2012-10-08 09:40:00,普通重型-機車;普通重型-機車,25.04564,121.5544
2012-10-08 09:43:00,普通輕型-機車;自用-小客車,25.01817,121.5611
2012-10-08 10:00:00,民營客運-大客車;行人-人,25.05417,121.5620
2012-10-08 10:13:00,普通重型-機車;普通重型-機車;普通重型-機車,25.05572,121.6217
2012-10-08 10:40:00,普通重型-機車;自用-小貨車,25.11511,121.5219
2012-10-08 10:50:00,其他車-其他車;普通重型-機車,25.10119,121.4927
2012-10-08 11:10:00,計程車-小客車;普通重型-機車,25.03024,121.5305
2012-10-08 11:28:00,民營客運-大客車;行人-人;行人-人,25.07941,121.5177
2012-10-08 11:40:00,普通重型-機車;普通重型-機車,25.00555,121.5966
2012-10-08 11:40:00,自用-小客車;自用-小客車;自用-小客車,25.06223,121.5594
2012-10-08 11:45:00,自用-小客車;普通重型-機車,25.07298,121.6050
2012-10-08 11:50:00,自用-小客車;普通重型-機車,25.07317,121.5496
2012-10-08 12:20:00,自用-小客車;普通重型-機車,25.04295,121.5575
2012-10-08 13:15:00,普通重型-機車;行人-人,25.02672,121.5467
2012-10-08 13:38:00,普通重型-機車;普通重型-機車,25.06002,121.5449
2012-10-08 13:58:00,計程車-小客車;普通重型-機車,25.03461,121.5637
2012-10-08 15:30:00,普通重型-機車;自用-小客車,25.21030,121.6659
2012-10-08 15:54:00,自用-小客車;普通重型-機車,25.06374,121.5321
2012-10-08 16:10:00,普通重型-機車;腳踏自行車-慢車,25.06781,121.5397
2012-10-08 16:10:00,計程車-小客車;普通重型-機車;計程車-小客車;普通重型-機車,25.06357,121.5293
2012-10-08 16:25:00,租賃車-小客車;普通重型-機車,25.10974,121.5320
2012-10-08 17:20:00,普通重型-機車;普通輕型-機車,25.10503,121.5121
2012-10-08 17:34:00,民營公車-大客車;民營公車-大客車,25.05780,121.5513
2012-10-08 17:56:00,自用-小客車;普通重型-機車,25.03940,121.5794
2012-10-08 18:05:00,自用-小客車;普通重型-機車,25.12426,121.5321
2012-10-08 18:30:00,普通重型-機車;普通重型-機車,25.06505,121.6070
2012-10-08 18:52:00,自用-小客車;普通重型-機車;普通重型-機車,25.07596,121.5801
2012-10-08 18:55:00,普通重型-機車;行人-人,25.02527,121.5303
2012-10-08 19:02:00,普通重型-機車;行人-人,25.08938,121.5182
2012-10-08 19:10:00,自用-小客車;普通重型-機車,25.12688,121.4679
2012-10-08 19:50:00,普通重型-機車;普通重型-機車;自用-小客車,25.12292,121.4698
2012-10-08 19:58:00,普通重型-機車;行人-人,25.11550,121.5124
2012-10-08 20:00:00,自用-小客車;行人-人,25.07173,121.5949
2012-10-08 20:35:00,普通輕型-機車;行人-人,25.11420,121.5161
2012-10-08 22:00:00,普通重型-機車;普通重型-機車,25.12266,121.4999
2012-10-08 22:00:00,普通重型-機車;普通重型-機車,25.06367,121.5630
2012-10-08 22:05:00,普通輕型-機車;自用-小客車;普通輕型-機車,25.12416,121.5260
2012-10-08 22:10:00,普通重型-機車;普通輕型-機車,25.12688,121.4679
2012-10-08 22:24:00,營業用-曳引車;普通重型-機車,25.06238,121.6037
2012-10-08 22:35:00,普通重型-機車;普通重型-機車,25.06306,121.5102
2012-10-08 22:50:00,行人-人;普通重型-機車,25.05136,121.5945
2012-10-09 21:35:00,普通重型-機車,25.04056,121.4984
2012-10-09 07:20:00,計程車-小客車;普通重型-機車;計程車-小客車;普通重型-機車,25.07942,121.5919
2012-10-09 07:25:00,計程車-小客車;普通重型-機車,25.06195,121.6122
2012-10-09 07:26:00,計程車-小客車;普通重型-機車,25.06390,121.5243
2012-10-09 07:55:00,普通重型-機車;行人-人;普通重型-機車,25.09547,121.5267
2012-10-09 08:00:00,自用-小客車;普通重型-機車,25.00931,121.5383
2012-10-09 08:30:00,普通重型-機車;普通重型-機車;普通重型-機車,25.21030,121.6659
2012-10-09 08:50:00,普通重型-機車;普通重型-機車;普通重型-機車;普通重型-機車,25.10463,121.5131
2012-10-09 09:00:00,普通重型-機車;行人-人,25.06117,121.5261
2012-10-09 09:00:00,自用-小客車;普通重型-機車,25.21030,121.6659
2012-10-09 09:27:00,普通重型-機車;普通重型-機車,25.03083,121.5704
2012-10-09 09:40:00,計程車-小客車;普通重型-機車,25.01508,121.5420
2012-10-09 10:05:00,腳踏自行車-慢車;普通重型-機車,25.04542,121.5660
2012-10-09 10:15:00,自用-小貨車;普通重型-機車,25.08235,121.5802
2012-10-09 10:15:00,自用-小客車;普通重型-機車,25.09716,121.5293
2012-10-09 10:24:00,民營公車-大客車;普通重型-機車,25.21030,121.6659
2012-10-09 10:45:00,普通輕型-機車;自用-小客車,25.04282,121.5814
2012-10-09 11:00:00,普通重型-機車;普通重型-機車,25.21030,121.6659
2012-10-09 11:30:00,自用-小貨車;行人-人,25.07120,121.5385
2012-10-09 12:00:00,計程車-小客車;普通重型-機車;計程車-小客車;計程車-小客車,25.05426,121.5362
2012-10-09 12:00:00,普通重型-機車;普通重型-機車,25.02978,121.5042
2012-10-09 12:10:00,租賃車-小客車;普通重型-機車,25.05030,121.5565
2012-10-09 12:30:00,計程車-小客車;普通重型-機車,25.11941,121.5536
2012-10-09 12:47:00,自用-小客車;普通重型-機車,25.21030,121.6659
2012-10-09 13:10:00,普通重型-機車;自用-小客車,25.10511,121.5198
2012-10-09 13:19:00,普通輕型-機車;自用-小客車;計程車-小客車,25.04846,121.5594
2012-10-09 13:35:00,普通重型-機車;租賃車-小客車,25.04528,121.5590
2012-10-09 13:50:00,自用-小貨車;普通重型-機車,25.02425,121.5273
2012-10-09 13:55:00,自用-小客車;普通重型-機車,25.02299,121.5262
2012-10-09 14:19:00,普通重型-機車;普通重型-機車,25.06133,121.5504
2012-10-09 14:22:00,計程車-小客車;行人-人,25.02773,121.5639
2012-10-09 15:25:00,計程車-小客車;普通重型-機車;普通重型-機車;普通重型-機車;普通重型-機車,25.07941,121.5177
2012-10-09 15:30:00,自用-小客車;普通重型-機車,25.21030,121.6659
2012-10-09 15:42:00,普通重型-機車;自用-小客車,25.04771,121.5391
2012-10-09 15:50:00,自用-小客車;計程車-小客車,25.12617,121.4688
2012-10-09 15:57:00,計程車-小客車;行人-人,25.04812,121.5507
2012-10-09 16:10:00,普通重型-機車;行人-人,25.02781,121.5148
2012-10-09 16:10:00,普通重型-機車;普通重型-機車,25.10844,121.5306
2012-10-09 16:15:00,普通重型-機車;普通重型-機車;普通重型-機車;普通重型-機車,25.12977,121.4655
2012-10-09 16:30:00,計程車-小客車;普通重型-機車,25.04622,121.5442
2012-10-09 16:35:00,計程車-小客車;普通重型-機車,25.07769,121.5106
2012-10-09 16:37:00,普通重型-機車;普通輕型-機車,25.09114,121.5239
2012-10-09 16:50:00,普通重型-機車;普通重型-機車,25.10904,121.4727
2012-10-09 16:57:00,自用-小客車;普通重型-機車,25.06596,121.5816
2012-10-09 17:26:00,普通重型-機車;自用-小客車,25.10448,121.5422
2012-10-09 17:52:00,自用-小客車;普通重型-機車,25.07838,121.5900
2012-10-09 20:15:00,普通重型-機車;自用-小貨車,25.06666,121.5199
2012-10-09 20:40:00,自用-小客車;普通重型-機車,25.06834,121.5964
2012-10-09 20:45:00,普通重型-機車;普通重型-機車,25.05097,121.5675
2012-10-09 21:05:00,自用-小客車;普通重型-機車,25.11741,121.5203
2012-10-09 21:20:00,自用-小貨車;普通重型-機車,25.00614,121.5566
2012-10-09 21:46:00,自用-小客車;普通重型-機車,25.10396,121.5201
2012-10-09 21:50:00,自用-小客車;普通重型-機車,25.05343,121.5384
2012-10-09 22:06:00,腳踏自行車-慢車;普通重型-機車,25.02266,121.5500
2012-10-09 22:10:00,普通重型-機車;普通重型-機車,25.21030,121.6659
2012-10-09 22:15:00,自用-小客車;普通重型-機車;普通重型-機車,25.11321,121.5284
2012-10-09 22:19:00,普通重型-機車;租賃車-小客車;普通重型-機車,25.04206,121.5764
2012-10-09 22:25:00,自用-小客車;普通重型-機車,25.05674,121.5148
2012-10-09 22:44:00,自用-小客車;腳踏自行車-慢車,25.06583,121.5370
2012-10-09 22:45:00,普通重型-機車;普通輕型-機車,25.14554,121.5038
2012-10-09 22:55:00,自用-小客車;普通重型-機車,25.21030,121.6659
2012-10-09 22:57:00,普通重型-機車;普通重型-機車,25.06834,121.5274
2012-10-09 23:00:00,自用-小客車;普通重型-機車,25.21030,121.6659
2012-10-09 23:59:00,普通重型-機車;普通重型-機車,25.10580,121.5118
2012-10-10 13:08:00,自用-小客車;普通重型-機車;普通重型-機車,25.06230,121.5383
2012-10-10 00:30:00,自用-小貨車;普通重型-機車;自用-小客車,25.04647,121.5043
2012-10-10 01:00:00,計程車-小客車;普通重型-機車,25.11409,121.5108
2012-10-10 01:20:00,普通重型-機車;普通重型-機車,25.07941,121.5177
2012-10-10 01:22:00,計程車-小客車;普通重型-機車,25.06181,121.5468
2012-10-10 01:32:00,普通重型-機車;自用-小貨車,25.08330,121.5507
2012-10-10 01:38:00,普通重型-機車;自用-小客車,25.08281,121.5827
2012-10-10 05:50:00,計程車-小客車;計程車-小客車;計程車-小客車,25.21030,121.6659
2012-10-10 06:54:00,自用-小客車;普通重型-機車,25.02597,121.5460
2012-10-10 07:19:00,普通重型-機車;普通重型-機車,25.06196,121.5584
2012-10-10 07:25:00,普通重型-機車;計程車-小客車,25.07752,121.5900
2012-10-10 08:25:00,普通重型-機車;普通重型-機車,25.09154,121.5157
2012-10-10 09:15:00,普通重型-機車;計程車-小客車,25.05015,121.5190
2012-10-10 09:20:00,普通重型-機車;普通重型-機車,25.04131,121.5759
2012-10-10 09:55:00,普通重型-機車;普通重型-機車;普通重型-機車,25.10372,121.5272
2012-10-10 10:53:00,自用-小客車;普通重型-機車;普通重型-機車,25.12755,121.5301
2012-10-10 11:00:00,腳踏自行車-慢車;普通重型-機車,25.21030,121.6659
2012-10-10 12:03:00,自用-小客車;普通重型-機車,25.06461,121.5837
2012-10-10 12:10:00,普通重型-機車;計程車-小客車,25.06389,121.5373
2012-10-10 12:20:00,自用-小客車;普通重型-機車;普通重型-機車,25.07120,121.5385
2012-10-10 12:59:00,租賃車-小客車;普通重型-機車;普通重型-機車,25.08369,121.5811
2012-10-10 13:00:00,自用-小貨車;自用-小貨車,25.09881,121.5065
2012-10-10 13:00:00,自用-小客車;行人-人,25.11633,121.5155
2012-10-10 13:09:00,普通重型-機車;計程車-小客車,25.06834,121.5274
2012-10-10 13:50:00,普通重型-機車;自用-小客車,25.21030,121.6659
2012-10-10 14:40:00,普通重型-機車;普通重型-機車,25.14728,121.4948
2012-10-10 14:50:00,普通重型-機車;普通輕型-機車;普通輕型-機車,25.09663,121.5215
2012-10-10 14:50:00,自用-小客車;普通輕型-機車,25.04890,121.5065
2012-10-10 15:00:00,腳踏自行車-慢車;普通重型-機車,25.00201,121.5383
2012-10-10 15:26:00,租賃車-小客車;行人-人,25.06738,121.5396
2012-10-10 15:27:00,普通輕型-機車;民營公車-大客車,25.05512,121.6007
2012-10-10 15:30:00,普通重型-機車;自用-小客車;普通重型-機車,25.21030,121.6659
2012-10-10 15:35:00,普通輕型-機車,25.21030,121.6659
2012-10-10 15:45:00,普通重型-機車;民營公車-大客車,25.02210,121.5496
2012-10-10 15:55:00,普通重型-機車;自用-小客車,25.14278,121.4899
2012-10-10 16:00:00,普通重型-機車;普通重型-機車,25.06819,121.5419
2012-10-10 16:59:00,民營客運-大客車;普通重型-機車,25.05127,121.5182
2012-10-10 17:00:00,普通重型-機車;普通重型-機車,25.21030,121.6659
2012-10-10 17:00:00,普通重型-機車;普通重型-機車;普通重型-機車,25.21030,121.6659
2012-10-10 18:00:00,普通重型-機車;普通重型-機車,25.02385,121.5577
2012-10-10 18:10:00,其他車-其他車;普通重型-機車,25.12194,121.5153
2012-10-10 18:23:00,普通重型-機車;警備車-特種車;普通重型-機車,25.03114,121.5162
2012-10-10 18:50:00,自用-小客車;普通重型-機車;普通重型-機車,25.00420,121.5574
2012-10-10 18:50:00,普通重型-機車;計程車-小客車;普通重型-機車,25.08882,121.5276
2012-10-10 19:00:00,普通輕型-機車;普通重型-機車;普通輕型-機車,25.07120,121.5385
2012-10-10 19:26:00,普通重型-機車;普通重型-機車;普通重型-機車,25.06989,121.6165
2012-10-10 19:45:00,普通輕型-機車;自用-小客車,25.07941,121.5177
2012-10-10 20:10:00,普通重型-機車;普通重型-機車,25.04803,121.5715
2012-10-10 20:30:00,普通重型-機車;普通輕型-機車,25.21030,121.6659
2012-10-10 20:50:00,行人-人;普通重型-機車,25.03168,121.5043
2012-10-10 21:45:00,普通重型-機車;自用-小客車,25.07011,121.5857
2012-10-10 22:25:00,自用-小客車;普通重型-機車;普通重型-機車,25.14653,121.5296
2012-10-10 22:58:00,計程車-小客車;行人-人,25.06688,121.5423
2012-10-10 23:11:00,普通重型-機車;自用-小客車;普通重型-機車,25.07573,121.5910
2012-10-10 23:40:00,自用-小客車;普通重型-機車;普通重型-機車,25.05517,121.5440
2012-10-11 06:30:00,計程車-小客車;普通輕型-機車,25.21030,121.6659
2012-10-11 07:15:00,普通重型-機車;普通重型-機車,25.03689,121.5284
2012-10-11 07:35:00,自用-小客車;普通重型-機車,25.06634,121.5295
2012-10-11 07:40:00,自用-小客車;普通重型-機車,25.12057,121.5254
2012-10-11 08:00:00,普通輕型-機車;普通重型-機車,25.06285,121.5126
2012-10-11 08:43:00,自用-小客車;普通重型-機車;普通重型-機車;普通重型-機車,25.06230,121.5383
2012-10-11 09:00:00,普通重型-機車;普通輕型-機車;普通重型-機車,25.05877,121.6071
2012-10-11 09:00:00,普通重型-機車;腳踏自行車-慢車,25.13024,121.5027
2012-10-11 09:01:00,普通重型-機車;普通重型-機車;普通重型-機車;普通重型-機車,25.03514,121.5388
2012-10-11 09:14:00,自用-小客車;普通重型-機車;普通重型-機車,25.04481,121.5543
2012-10-11 09:15:00,自用-小貨車;行人-人,25.05190,121.5831
2012-10-11 09:30:00,普通重型-機車;普通重型-機車,25.03302,121.5009
2012-10-11 10:25:00,租賃車-小客車;普通重型-機車,25.07827,121.5136
2012-10-11 12:25:00,大型重型1-機車;行人-人,25.07596,121.5801
2012-10-11 12:35:00,遊覽車-大客車;行人-人,25.03083,121.5704
2012-10-11 13:24:00,普通重型-機車;租賃車-小客車,25.03764,121.5798
2012-10-11 13:30:00,普通重型-機車;普通重型-機車,25.08878,121.5654
2012-10-11 13:45:00,自用-小貨車;普通重型-機車,25.14154,121.4885
2012-10-11 13:54:00,租賃車-小客車;普通重型-機車;普通重型-機車,25.05644,121.5129
2012-10-11 14:43:00,計程車-小客車;普通重型-機車,25.03327,121.5288
2012-10-11 14:48:00,普通重型-機車;普通重型-機車,25.12448,121.4759
2012-10-11 16:09:00,其他車-其他車;腳踏自行車-慢車,25.02253,121.5550
2012-10-11 16:29:00,其他車-其他車;普通重型-機車,25.21030,121.6659
2012-10-11 17:15:00,自用-小客車;普通重型-機車,25.06255,121.5288
2012-10-11 17:45:00,普通重型-機車;普通重型-機車,25.06957,121.5129
2012-10-11 17:50:00,計程車-小客車;普通重型-機車;普通重型-機車;普通重型-機車,25.05356,121.6048
2012-10-11 18:10:00,自用-小客車;普通重型-機車,25.05136,121.5439
2012-10-11 18:10:00,普通重型-機車,25.12332,121.4772
2012-10-11 19:03:00,腳踏自行車-慢車;自用-小客車,25.06735,121.5423
2012-10-11 19:09:00,自用-小客車;普通重型-機車,25.10484,121.5206
2012-10-11 19:15:00,普通輕型-機車;行人-人,25.04108,121.5014
2012-10-11 19:53:00,自用-小客車;普通重型-機車,25.07939,121.5845
2012-10-11 20:47:00,自用-小客車;普通重型-機車,25.07503,121.5759
2012-10-11 22:00:00,普通重型-機車;計程車-小客車,25.21030,121.6659
2012-10-11 22:21:00,普通重型-機車,25.11769,121.4839
2012-10-11 23:00:00,普通重型-機車;普通重型-機車,25.07497,121.6033
2012-10-12 01:15:00,其他車-其他車;行人-人,25.04624,121.5034
2012-10-12 01:20:00,計程車-小客車;普通重型-機車,25.04917,121.5784
2012-10-12 04:25:00,計程車-小客車;普通重型-機車,25.05014,121.5199
2012-10-12 05:27:00,計程車-小客車;行人-人,25.07596,121.5801
2012-10-12 07:15:00,普通重型-機車;普通重型-機車,25.02836,121.5179
2012-10-12 07:45:00,普通重型-機車;自用-小客車,25.12448,121.4759
2012-10-12 07:47:00,計程車-小客車;行人-人,25.19537,121.6078
2012-10-12 09:00:00,普通輕型-機車;普通重型-機車,25.00919,121.5399
2012-10-12 09:00:00,自用-小客車;普通重型-機車,25.12121,121.5115
2012-10-12 10:59:00,自用-小客車;普通重型-機車,25.03973,121.6227
2012-10-12 11:06:00,自用-小客車;普通重型-機車,25.04976,121.5471
2012-10-12 11:29:00,普通重型-機車;計程車-小客車,25.02851,121.5627
2012-10-12 12:13:00,普通重型-機車;計程車-小客車,25.04134,121.5630
2012-10-12 12:23:00,普通重型-機車;普通重型-機車,25.11741,121.5203
2012-10-12 13:25:00,普通重型-機車;普通重型-機車,25.03960,121.6181
2012-10-12 13:30:00,普通重型-機車;普通重型-機車,25.21030,121.6659
2012-10-12 13:33:00,普通重型-機車;普通重型-機車,25.04079,121.5433
2012-10-12 13:35:00,計程車-小客車;普通重型-機車;普通重型-機車,25.05136,121.5959
2012-10-12 14:00:00,普通重型-機車;普通重型-機車;租賃車-小客車,25.11717,121.5332
2012-10-12 14:09:00,計程車-小客車;普通重型-機車,25.02647,121.5696
2012-10-12 14:25:00,自用-小客車;普通重型-機車,25.12214,121.4997
2012-10-12 14:37:00,計程車-小客車;普通重型-機車,25.04685,121.5755
2012-10-12 14:45:00,自用-小客車;普通重型-機車,25.03316,121.5500
2012-10-12 15:37:00,自用-小客車;普通重型-機車,25.08445,121.5613
2012-10-12 15:40:00,自用-小客車;普通輕型-機車,25.07881,121.5511
2012-10-12 15:42:00,普通重型-機車;自用-小客車;自用-小貨車,25.06315,121.5468
2012-10-12 15:54:00,普通重型-機車;普通重型-機車;普通重型-機車,25.07038,121.6180
2012-10-12 16:00:00,普通重型-機車;計程車-小客車;計程車-小客車,25.03986,121.5438
2012-10-12 16:17:00,普通重型-機車;自用-小客車,25.21030,121.6659
2012-10-12 16:23:00,普通重型-機車;自用-小客車,25.07596,121.5801
2012-10-12 16:25:00,普通重型-機車;自用-小客車,25.05051,121.6172
2012-10-12 16:45:00,普通重型-機車;普通重型-機車,25.06456,121.6659
2012-10-12 16:50:00,普通重型-機車;普通重型-機車,25.11261,121.5132
2012-10-12 17:00:00,自用-小客車;普通重型-機車,25.06819,121.5419
2012-10-12 18:00:00,計程車-小客車;普通重型-機車,25.06299,121.5202
2012-10-12 18:05:00,普通重型-機車;腳踏自行車-慢車,25.21030,121.6659
2012-10-12 18:06:00,普通重型-機車;自用-小客車,25.01737,121.5521
2012-10-12 18:20:00,自用-小客車;普通重型-機車,25.10938,121.5127
2012-10-12 19:25:00,普通重型-機車;自用-小客車;普通重型-機車,25.02644,121.5247
2012-10-12 19:28:00,自用-小客車;普通重型-機車,25.03559,121.5325
2012-10-12 19:41:00,普通重型-機車;自用-小客車,25.21030,121.6659
2012-10-12 20:30:00,自用-小客車;普通輕型-機車,25.11959,121.5332
2012-10-12 20:48:00,普通重型-機車;民營公車-大客車,25.04755,121.6181
2012-10-12 20:50:00,計程車-小客車;普通重型-機車,25.05161,121.5954
2012-10-12 20:58:00,自用-小客車;民營公車-大客車,25.07273,121.5828
2012-10-12 21:52:00,自用-小客車;行人-人,25.07005,121.5816
2012-10-12 22:01:00,自用-小客車;普通重型-機車;普通重型-機車,25.10987,121.4739
2012-10-12 22:15:00,普通重型-機車;計程車-小客車,25.11430,121.5136
2012-10-12 22:50:00,普通重型-機車;普通重型-機車,25.04434,121.5582
2012-10-13 02:30:00,救護車-特種車;普通重型-機車,25.12288,121.5071
2012-10-13 02:55:00,計程車-小客車;普通重型-機車,25.21030,121.6659
2012-10-13 05:35:00,腳踏自行車-慢車;普通重型-機車,25.21030,121.6659
2012-10-13 06:20:00,普通重型-機車;腳踏自行車-慢車,25.11720,121.5067
2012-10-13 07:19:00,動力機械-其他車;普通重型-機車,25.04705,121.5846
2012-10-13 07:20:00,自用-小客車;普通重型-機車,25.21030,121.6659
2012-10-13 07:20:00,自用-小客車,25.08279,121.5097
2012-10-13 07:32:00,普通重型-機車;自用-小客車,25.12806,121.5162
2012-10-13 08:12:00,普通重型-機車;普通重型-機車,25.04820,121.5549
2012-10-13 08:25:00,普通重型-機車;計程車-小客車,25.11633,121.5155
2012-10-13 08:58:00,普通重型-機車;普通重型-機車;普通重型-機車,25.05069,121.5549
2012-10-13 09:15:00,自用-小客車;普通重型-機車,25.05955,121.5371
2012-10-13 09:15:00,其他車-其他車;腳踏自行車-慢車,25.21030,121.6659
2012-10-13 09:28:00,自用-小客車;普通重型-機車;腳踏自行車-慢車,25.13361,121.5083
2012-10-13 09:40:00,自用-小客車;自用-小客車;自用-小客車,25.05875,121.5821
2012-10-13 09:43:00,自用-小客車;普通重型-機車,25.01037,121.5392
2012-10-13 09:45:00,腳踏自行車-慢車;普通重型-機車;普通重型-機車,25.10538,121.5572
2012-10-13 10:30:00,自用-小客車;普通重型-機車;普通重型-機車,25.21030,121.6659
2012-10-13 10:44:00,自用-小客車;自用-小客車,25.21030,121.6659
2012-10-13 11:17:00,計程車-小客車;普通重型-機車;普通重型-機車,25.06285,121.5126
2012-10-13 11:35:00,自用-小客車;普通重型-機車,25.13348,121.5042
2012-10-13 11:40:00,普通重型-機車;腳踏自行車-慢車,25.08611,121.5621
2012-10-13 11:45:00,自用-小客車;普通重型-機車,25.21030,121.6659
2012-10-13 12:25:00,普通重型-機車;行人-人,25.03005,121.5656
2012-10-13 12:49:00,自用-小客車;腳踏自行車-慢車,25.21030,121.6659
2012-10-13 12:50:00,普通重型-機車;普通輕型-機車,25.09241,121.5724
2012-10-13 13:31:00,自用-小客車;普通重型-機車,25.06945,121.5949
2012-10-13 13:35:00,普通重型-機車;計程車-小客車,25.05621,121.5132
2012-10-13 13:46:00,普通重型-機車;自用-小客車,25.10487,121.5221
2012-10-13 14:05:00,普通重型-機車;自用-小客車,25.02550,121.5347
2012-10-13 14:30:00,普通重型-機車;普通重型-機車,25.21030,121.6659
2012-10-13 14:39:00,普通輕型-機車;普通重型-機車,25.01859,121.5775
2012-10-13 14:45:00,自用-小貨車;普通重型-機車,25.04887,121.5061
2012-10-13 15:00:00,自用-小客車;普通重型-機車;普通重型-機車,25.12214,121.4997
2012-10-13 15:47:00,自用-小客車;普通重型-機車,25.21030,121.6659
2012-10-13 16:12:00,計程車-小客車;普通重型-機車,25.03083,121.5704
2012-10-13 16:13:00,計程車-小客車;行人-人,25.02149,121.5555
2012-10-13 16:25:00,自用-小客車;普通重型-機車,25.06095,121.5245
2012-10-13 16:40:00,計程車-小客車;普通輕型-機車;普通輕型-機車,25.06299,121.5202
2012-10-13 16:45:00,其他車-其他車;行人-人,25.04295,121.5577
2012-10-13 17:35:00,普通重型-機車;行人-人,25.05028,121.5790
2012-10-13 17:49:00,普通重型-機車;普通輕型-機車,25.09241,121.5724
2012-10-13 17:50:00,自用-小客車;自用-小客車;自用-小客車,25.02847,121.5252
2012-10-13 18:20:00,自用-小客車;普通重型-機車,25.06390,121.5243
2012-10-13 18:40:00,自用-小客車;普通重型-機車,25.07012,121.6154
2012-10-13 18:45:00,自用-小客車;行人-人,25.10445,121.5242
2012-10-13 19:10:00,自用-小客車;行人-人,25.06643,121.5723
2012-10-13 19:40:00,普通重型-機車;自用-小客車;普通重型-機車,25.11513,121.6286
2012-10-13 19:52:00,腳踏自行車-慢車;行人-人,25.04919,121.5858
2012-10-13 20:30:00,租賃車-小客車;普通重型-機車,25.00114,121.5482
2012-10-13 20:50:00,自用-小客車;普通重型-機車,25.08397,121.5618
2012-10-13 21:05:00,普通重型-機車,25.06299,121.5202
2012-10-13 21:29:00,民營客運-大客車;民營客運-大客車,25.08029,121.5886
2012-10-13 22:15:00,普通重型-機車;普通重型-機車;自用-小客車;普通重型-機車,25.06834,121.5274
2012-10-13 23:30:00,自用-小客車;普通重型-機車;普通重型-機車,25.06834,121.5274
2012-10-13 23:55:00,普通重型-機車;普通重型-機車;普通重型-機車;普通重型-機車,25.21030,121.6659
2012-10-14 23:46:00,普通重型-機車;普通重型-機車,25.21030,121.6659
2012-10-14 01:10:00,普通重型-機車;自用-小客車,25.00289,121.5534
2012-10-14 02:25:00,普通重型-機車;計程車-小客車,25.21030,121.6659
2012-10-14 06:50:00,普通重型-機車;行人-人,25.01539,121.5367
2012-10-14 07:00:00,普通重型-機車;自用-小客車,25.05572,121.6217
2012-10-14 07:00:00,普通重型-機車;普通輕型-機車,25.11642,121.5073
2012-10-14 07:09:00,自用-小客車;普通重型-機車,25.07251,121.6134
2012-10-14 08:27:00,自用-小客車;普通輕型-機車,25.13361,121.5083
2012-10-14 09:40:00,自用-小客車;普通重型-機車,25.04589,121.5472
2012-10-14 09:45:00,普通重型-機車;普通重型-機車,25.06834,121.5274
2012-10-14 10:45:00,自用-小客車;普通重型-機車,25.06959,121.5804
2012-10-14 10:50:00,行人-人;普通重型-機車,25.04182,121.5562
2012-10-14 11:30:00,普通重型-機車;普通重型-機車,25.06473,121.5423
2012-10-14 11:34:00,自用-小客車;普通重型-機車,25.06827,121.5796
2012-10-14 11:40:00,普通輕型-機車;普通重型-機車,25.11305,121.5127
2012-10-14 11:50:00,計程車-小客車;自用-小客車;自用-小客車,25.04575,121.5702
2012-10-14 12:10:00,普通重型-機車;普通重型-機車,25.06299,121.5202
2012-10-14 12:40:00,普通重型-機車,25.10580,121.5118
2012-10-14 12:46:00,自用-小客車;普通重型-機車;普通重型-機車,25.07092,121.5838
2012-10-14 12:55:00,普通重型-機車;普通重型-機車,25.12448,121.4759
2012-10-14 12:57:00,普通輕型-機車;腳踏自行車-慢車;普通輕型-機車,25.02827,121.5348
2012-10-14 13:00:00,自用-小客車;行人-人,25.11810,121.5098
2012-10-14 13:45:00,普通重型-機車;租賃車-小客車,25.10844,121.5306
2012-10-14 14:12:00,自用-小客車;自用-小客車;自用-小客車;自用-小客車,25.21030,121.6659
2012-10-14 14:40:00,自用-小客車;普通重型-機車,25.03986,121.5438
2012-10-14 14:50:00,普通重型-機車;行人-人;行人-人,25.08401,121.5785
2012-10-14 15:23:00,計程車-小客車;自用-小客車;計程車-小客車,25.04118,121.5458
2012-10-14 15:28:00,自用-小客車;普通重型-機車,25.04883,121.5801
2012-10-14 15:50:00,自用-小客車;普通重型-機車;自用-小客車;普通重型-機車,25.04520,121.5794
2012-10-14 15:55:00,計程車-小客車;普通重型-機車,25.07369,121.6118
2012-10-14 16:20:00,普通重型-機車;自用-小客車;普通重型-機車,25.03258,121.4953
2012-10-14 16:35:00,普通重型-機車;自用-小客車;普通重型-機車,25.07318,121.6101
2012-10-14 17:00:00,計程車-小客車;普通重型-機車;自用-小客車,25.10764,121.5173
2012-10-14 17:25:00,普通重型-機車;行人-人,25.00169,121.5409
2012-10-14 17:50:00,自用-小客車;行人-人,25.06390,121.5243
2012-10-14 18:25:00,自用-小客車;普通重型-機車;普通重型-機車,25.04571,121.5524
2012-10-14 18:45:00,自用-小客車;普通重型-機車;普通重型-機車,25.21030,121.6659
2012-10-14 18:57:00,普通重型-機車;腳踏自行車-慢車,25.03640,121.4964
2012-10-14 19:08:00,計程車-小客車;行人-人,25.03387,121.5746
2012-10-14 19:16:00,自用-小客車;行人-人,25.05674,121.5832
2012-10-14 19:21:00,其他車-其他車;普通重型-機車,25.08460,121.5545
2012-10-14 19:30:00,自用-小貨車;普通重型-機車;普通重型-機車,25.08453,121.5256
2012-10-14 20:30:00,自用-小客車;普通重型-機車,25.02210,121.5496
2012-10-14 20:40:00,自用-小客車;行人-人;行人-人,25.04931,121.5921
2012-10-14 20:56:00,自用-小客車;自用-小客車,25.21030,121.6659
2012-10-14 21:05:00,計程車-小客車;普通重型-機車,25.21030,121.6659
2012-10-14 21:25:00,自用-小客車;普通重型-機車,25.13061,121.5028
2012-10-14 21:32:00,自用-小客車;普通重型-機車,25.04412,121.5687
2012-10-14 21:40:00,自用-小客車;普通重型-機車,25.06045,121.6155
2012-10-14 22:35:00,自用-小客車;普通重型-機車,25.10580,121.5118
2012-10-14 22:50:00,普通重型-機車;行人-人,25.03302,121.5009
2012-10-14 23:10:00,普通重型-機車;普通重型-機車;普通重型-機車,25.05442,121.5691
2012-10-14 23:20:00,計程車-小客車;普通重型-機車,25.02601,121.5303
2012-10-15 05:03:00,腳踏自行車-慢車;普通重型-機車;普通重型-機車,25.04056,121.4984
2012-10-15 06:40:00,普通重型-機車;民營公車-大客車,25.08483,121.5956
2012-10-15 06:50:00,腳踏自行車-慢車;自用-小客車,25.03889,121.5410
2012-10-15 07:00:00,普通重型-機車;普通重型-機車,25.19537,121.6078
2012-10-15 07:10:00,遊覽車-大客車;行人-人,25.06517,121.5807
2012-10-15 07:40:00,自用-小客車;普通重型-機車,25.09758,121.5305
2012-10-15 08:28:00,普通重型-機車;自用-小客車,25.07954,121.5704
2012-10-15 08:30:00,自用-小客車;普通重型-機車,25.12051,121.5355
2012-10-15 08:57:00,租賃車-小客車;普通重型-機車,25.04803,121.5715
2012-10-15 09:10:00,腳踏自行車-慢車;自用-小客車,25.06230,121.5383
2012-10-15 09:30:00,自用-小貨車;普通重型-機車,25.06255,121.5288
2012-10-15 09:35:00,自用-小客車;普通重型-機車,25.08122,121.5136
2012-10-15 09:45:00,計程車-小客車;普通重型-機車;計程車-小客車,25.07610,121.5779
2012-10-15 11:22:00,自用-小客車;普通重型-機車,25.12018,121.5006
2012-10-15 11:50:00,自用-小客車;普通重型-機車,25.04917,121.5784
2012-10-15 12:18:00,腳踏自行車-慢車;行人-人,25.06242,121.5354
2012-10-15 13:12:00,普通重型-機車;自用-小客車,25.09241,121.5724
2012-10-15 13:52:00,普通重型-機車;自用-小客車;普通重型-機車;自用-小客車,25.08431,121.5498
2012-10-15 14:27:00,普通重型-機車;自用-小客車,25.10896,121.4880
2012-10-15 14:39:00,民營公車-大客車;遊覽車-大客車;普通重型-機車,25.06365,121.5386
2012-10-15 15:04:00,自用-小客車;普通重型-機車,25.19537,121.6078
2012-10-15 15:26:00,普通重型-機車;普通重型-機車,25.09241,121.5724
2012-10-15 15:45:00,其他車-其他車;普通重型-機車,25.21030,121.6659
2012-10-15 15:53:00,自用-小客車;普通重型-機車,25.02545,121.5033
2012-10-15 16:25:00,自用-小客車;普通重型-機車,25.07762,121.5768
2012-10-15 16:35:00,普通重型-機車;行人-人,25.15147,121.5324
2012-10-15 16:50:00,普通重型-機車;自用-小客車,25.11532,121.5314
2012-10-15 17:15:00,自用-小客車;普通重型-機車,25.04898,121.5547
2012-10-15 17:28:00,普通重型-機車;普通輕型-機車,25.05114,121.5699
2012-10-15 18:15:00,普通重型-機車;計程車-小客車,25.11513,121.6286
2012-10-15 18:32:00,自用-小客車;普通重型-機車,25.05528,121.5511
2012-10-15 20:10:00,普通重型-機車;行人-人,25.08588,121.5702
2012-10-15 20:14:00,普通重型-機車;普通重型-機車,25.10359,121.5252
2012-10-15 20:15:00,民營客運-大客車;普通重型-機車,25.21030,121.6659
2012-10-15 20:30:00,普通輕型-機車;行人-人,25.03949,121.5068
2012-10-15 20:40:00,普通重型-機車;普通重型-機車;普通重型-機車,25.10218,121.5275
2012-10-15 21:16:00,自用-小客車;普通重型-機車;自用-小客車,25.05160,121.5127
2012-10-15 21:35:00,自用-小客車;普通重型-機車,25.12266,121.4999
2012-10-15 21:50:00,普通重型-機車;行人-人,25.07596,121.5801
2012-10-15 21:57:00,普通重型-機車;普通輕型-機車,25.10780,121.4802
2012-10-15 22:15:00,自用-小客車;普通重型-機車,25.06444,121.5542
2012-10-15 22:30:00,普通輕型-機車;普通輕型-機車,25.05159,121.5942
2012-10-15 22:34:00,自用-小客車;普通重型-機車,25.05517,121.5440
2012-10-15 22:47:00,普通重型-機車;普通重型-機車,25.06164,121.5441
2012-10-15 23:30:00,普通重型-機車;普通輕型-機車;普通輕型-機車,25.04550,121.5756
2012-10-15 18:45:00,普通重型-機車;普通重型-機車,25.08914,121.5114
2012-10-16 07:26:00,營業用-曳引車;普通重型-機車;普通重型-機車,25.08782,121.5113
2012-10-16 03:50:00,普通重型-機車;普通重型-機車,25.08087,121.5223
2012-10-16 06:30:00,普通重型-機車;計程車-小客車,25.06819,121.5419
2012-10-16 07:08:00,自用-小客車;普通重型-機車,25.04260,121.5644
2012-10-16 08:15:00,普通重型-機車;普通重型-機車;普通重型-機車,25.21030,121.6659
2012-10-16 08:15:00,自用-小客車;普通重型-機車,25.06253,121.5619
2012-10-16 08:30:00,普通重型-機車;腳踏自行車-慢車,25.02270,121.5330
2012-10-16 08:30:00,普通重型-機車;腳踏自行車-慢車,25.13778,121.4963
2012-10-16 09:00:00,普通重型-機車;普通輕型-機車,25.03302,121.5009
2012-10-16 09:24:00,自用-小客車;普通重型-機車,25.09850,121.5251
2012-10-16 09:25:00,自用-小客車;普通重型-機車,25.09375,121.5200
2012-10-16 09:30:00,普通重型-機車;其他人-人,25.21030,121.6659
2012-10-16 10:50:00,計程車-小客車;普通輕型-機車;普通輕型-機車,25.03373,121.5298
2012-10-16 10:55:00,普通重型-機車;行人-人,25.03707,121.5256
2012-10-16 11:00:00,自用-小客車;行人-人,25.03433,121.5176
2012-10-16 11:30:00,普通重型-機車;行人-人,25.04325,121.5316
2012-10-16 12:01:00,普通重型-機車;自用-小客車,25.13778,121.4963
2012-10-16 12:40:00,自用-小客車;普通重型-機車,25.06242,121.5362
2012-10-16 13:05:00,自用-小客車;普通重型-機車,25.07769,121.5106
2012-10-16 13:06:00,計程車-小客車;普通重型-機車,25.06230,121.5383
2012-10-16 13:06:00,普通重型-機車;普通重型-機車,25.11401,121.5398
2012-10-16 13:12:00,腳踏自行車-慢車;普通重型-機車,25.04848,121.5303
2012-10-16 13:26:00,自用-小貨車;普通重型-機車,25.05649,121.5183
2012-10-16 13:45:00,普通重型-機車;普通重型-機車,25.10601,121.5129
2012-10-16 14:51:00,普通重型-機車;普通重型-機車,25.05176,121.5460
2012-10-16 15:45:00,普通重型-機車;行人-人,25.02806,121.5503
2012-10-16 16:03:00,自用-小客車;普通重型-機車,25.08209,121.5996
2012-10-16 16:18:00,自用-小客車;腳踏自行車-慢車,25.04363,121.5449
2012-10-16 16:29:00,普通重型-機車;拼裝車-其他車,25.03621,121.5048
2012-10-16 16:45:00,普通重型-機車;普通重型-機車;普通重型-機車;普通重型-機車,25.04934,121.5221
2012-10-16 17:14:00,自用-小客車;普通重型-機車,25.05763,121.5833
2012-10-16 17:20:00,自用-小客車;普通重型-機車,25.07350,121.5576
2012-10-16 17:49:00,自用-小客車;腳踏自行車-慢車,25.07596,121.5801
2012-10-16 18:00:00,自用-小客車;腳踏自行車-慢車,25.21030,121.6659
2012-10-16 18:00:00,拼裝車-其他車;行人-人,25.04619,121.5736
2012-10-16 18:00:00,自用-小客車;普通重型-機車;普通重型-機車,25.04862,121.5081
2012-10-16 18:05:00,其他車-其他車;普通重型-機車,25.21030,121.6659
2012-10-16 18:22:00,自用-小客車;普通重型-機車,25.06629,121.5904
2012-10-16 18:25:00,普通重型-機車;普通重型-機車;普通重型-機車,25.05159,121.5942
2012-10-16 18:30:00,自用-小客車;普通重型-機車,25.07750,121.5157
2012-10-16 18:41:00,自用-小客車;普通重型-機車,25.06168,121.5232
2012-10-16 18:45:00,自用-小客車;普通重型-機車,25.03435,121.5335
2012-10-16 19:57:00,普通重型-機車;自用-小客車,25.03083,121.5704
2012-10-16 20:05:00,普通重型-機車;普通重型-機車;普通重型-機車;普通重型-機車;普通重型-機車,25.05100,121.5141
2012-10-16 20:30:00,普通重型-機車;普通重型-機車,25.14591,121.4982
2012-10-16 20:40:00,其他車-其他車;普通重型-機車,25.02270,121.5550
2012-10-16 21:20:00,自用-小客車;普通重型-機車,25.21030,121.6659
2012-10-16 22:05:00,普通重型-機車;普通輕型-機車,25.21030,121.6659
2012-10-16 22:55:00,普通重型-機車,25.11670,121.5519
2012-10-16 23:58:00,普通重型-機車;普通重型-機車,25.03984,121.5011
2012-10-17 00:25:00,自用-小客車;普通重型-機車;普通重型-機車,25.02747,121.5362
2012-10-17 00:25:00,普通重型-機車;計程車-小客車,25.04934,121.5221
2012-10-17 02:50:00,普通重型-機車;普通重型-機車,25.08503,121.5738
2012-10-17 03:45:00,普通重型-機車;普通重型-機車,25.10790,121.5381
2012-10-17 06:30:00,民營客運-大客車;普通輕型-機車,25.05340,121.5524
2012-10-17 06:40:00,普通重型-機車;腳踏自行車-慢車,25.05226,121.5732
2012-10-17 07:00:00,自用-小客車;普通重型-機車,25.05591,121.5777
2012-10-17 07:15:00,自用-小客車;腳踏自行車-慢車,25.04250,121.5641
2012-10-17 07:25:00,普通重型-機車;普通重型-機車,25.21030,121.6659
2012-10-17 07:26:00,普通重型-機車;腳踏自行車-慢車,25.06433,121.5227
2012-10-17 07:45:00,自用-小客車;普通重型-機車,25.07176,121.5817
2012-10-17 07:53:00,普通重型-機車;普通輕型-機車,25.03372,121.4994
2012-10-17 08:10:00,普通重型-機車;普通重型-機車,25.21030,121.6659
2012-10-17 08:30:00,普通重型-機車;營業用-曳引車,25.10545,121.4876
2012-10-17 08:45:00,自用-小客車;行人-人,25.08253,121.5984
2012-10-17 09:04:00,普通重型-機車;計程車-小客車,25.05366,121.5391
2012-10-17 09:08:00,計程車-小客車;普通重型-機車,25.21030,121.6659
2012-10-17 09:35:00,自用-小客車;普通重型-機車,25.06195,121.6122
2012-10-17 09:50:00,自用-小客車;普通重型-機車;普通重型-機車,25.12266,121.4999
2012-10-17 10:45:00,自用-小客車;普通重型-機車,25.09657,121.5321
2012-10-17 11:00:00,計程車-小客車;行人-人,25.05922,121.5454
2012-10-17 11:00:00,自用-小貨車;普通重型-機車,25.10757,121.5344
2012-10-17 11:05:00,普通重型-機車;租賃車-小客車,25.04114,121.5474
2012-10-17 11:20:00,計程車-小客車;行人-人,25.21030,121.6659
2012-10-17 11:27:00,普通重型-機車;自用-小客車,25.05294,121.5577
2012-10-17 12:00:00,計程車-小客車;普通輕型-機車,25.11438,121.5315
2012-10-17 12:02:00,普通重型-機車;計程車-小客車,25.21030,121.6659
2012-10-17 12:10:00,自用-小客車;電動自行車-慢車,25.12180,121.5111
2012-10-17 12:30:00,普通重型-機車;計程車-小客車,25.01508,121.5420
2012-10-17 13:45:00,普通重型-機車,25.11831,121.5365
2012-10-17 14:00:00,普通重型-機車;普通重型-機車,25.13573,121.5038
2012-10-17 14:05:00,普通重型-機車;租賃車-小客車,25.11226,121.5365
2012-10-17 15:05:00,自用-小客車;普通輕型-機車;自用-小客車;普通輕型-機車,25.02919,121.5577
2012-10-17 15:26:00,自用-小客車;普通重型-機車,25.09657,121.5321
2012-10-17 15:30:00,普通重型-機車;普通重型-機車,25.03528,121.5059
2012-10-17 17:17:00,自用-小客車;普通重型-機車,25.03724,121.5432
2012-10-17 17:35:00,自用-小客車;行人-人,25.04194,121.5438
2012-10-17 17:42:00,普通輕型-機車;自用-小客車,25.04206,121.5764
2012-10-17 18:00:00,腳踏自行車-慢車;普通輕型-機車,25.01900,121.4971
2012-10-17 18:01:00,自用-大貨車;行人-人,25.11805,121.5228
2012-10-17 18:08:00,普通重型-機車;自用-小客車,25.06431,121.5253
2012-10-17 18:35:00,其他車-其他車;普通重型-機車;自用-小客車,25.07445,121.5749
2012-10-17 18:43:00,普通重型-機車;自用-小客車;普通重型-機車;行人-人;行人-人,25.14041,121.5469
2012-10-17 19:30:00,腳踏自行車-慢車;普通重型-機車,25.01087,121.5384
2012-10-17 19:56:00,普通重型-機車;行人-人,25.08162,121.5506
2012-10-17 20:10:00,普通重型-機車;自用-小客車,25.21030,121.6659
2012-10-17 20:27:00,其他車-其他車;其他車-其他車;普通重型-機車;行人-人,25.06523,121.5134
2012-10-17 20:50:00,普通重型-機車;普通重型-機車,25.05008,121.5823
2012-10-17 21:29:00,普通重型-機車;自用-小客車,25.09583,121.5153
2012-10-17 21:30:00,計程車-小客車;自用-小客車;自用-小客車;計程車-小客車;計程車-小客車;自用-小客車;自用-小客車,25.06420,121.6003
2012-10-17 21:50:00,自用-小客車;普通重型-機車;普通重型-機車;普通重型-機車,25.11005,121.5124
2012-10-17 22:00:00,普通重型-機車;普通重型-機車;普通重型-機車,25.05013,121.5230
2012-10-17 22:10:00,自用-小客車;普通重型-機車,25.13061,121.5028
2012-10-17 23:00:00,自用-小客車;普通重型-機車,25.07391,121.6160
2012-10-17 23:45:00,計程車-小客車;普通重型-機車,25.03912,121.5666
2012-10-18 00:27:00,自用-小客車;普通重型-機車,25.05920,121.5507
2012-10-18 01:22:00,普通重型-機車;普通重型-機車,25.14554,121.5038
2012-10-18 03:36:00,拖車(架)-其他車;自用-小客車,25.03426,121.5222
2012-10-18 05:50:00,普通重型-機車;普通重型-機車;普通重型-機車,25.21030,121.6659
2012-10-18 06:23:00,計程車-小客車;普通重型-機車,25.04934,121.5221
2012-10-18 07:30:00,普通重型-機車;普通重型-機車,25.11387,121.5100
2012-10-18 07:40:00,自用-小客車;普通重型-機車,25.21030,121.6659
2012-10-18 07:40:00,計程車-小客車;普通重型-機車,25.03912,121.5666
2012-10-18 08:00:00,其他車-其他車;其他慢車-慢車,25.03615,121.5003
2012-10-18 08:10:00,自用-小客車;普通輕型-機車,25.21030,121.6659
2012-10-18 08:17:00,自用-小客車;普通重型-機車,25.04264,121.5008
2012-10-18 08:27:00,普通重型-機車;普通輕型-機車,25.21030,121.6659
2012-10-18 08:30:00,普通重型-機車;普通重型-機車,25.09241,121.5724
2012-10-18 08:30:00,自用-小客車;普通重型-機車;普通重型-機車,25.02115,121.5324
2012-10-18 08:38:00,自用-小貨車;普通重型-機車,25.03203,121.5706
2012-10-18 08:45:00,自用-小客車;普通重型-機車,25.07752,121.5900
2012-10-18 08:50:00,自用-小客車;普通重型-機車,25.08685,121.5651
2012-10-18 08:55:00,自用-小客車;普通重型-機車,25.06255,121.5342
2012-10-18 08:56:00,普通輕型-機車,25.06446,121.6103
2012-10-18 08:59:00,普通重型-機車;普通重型-機車,25.08028,121.5225
2012-10-18 09:00:00,普通重型-機車;普通重型-機車,25.21030,121.6659
2012-10-18 09:00:00,自用-小客車;普通重型-機車;普通輕型-機車;普通重型-機車,25.11195,121.5128
2012-10-18 09:15:00,普通重型-機車;普通重型-機車,25.05422,121.5973
2012-10-18 09:20:00,計程車-小客車;大型重型1-機車,25.07526,121.5776
2012-10-18 09:30:00,計程車-小客車;普通輕型-機車,25.08559,121.6077
2012-10-18 09:40:00,計程車-小客車;行人-人,25.21030,121.6659
2012-10-18 10:10:00,腳踏自行車-慢車;計程車-小客車,25.08985,121.5082
2012-10-18 10:26:00,自用-小客車;普通重型-機車;普通重型-機車,25.04678,121.6165
2012-10-18 10:30:00,普通重型-機車;普通重型-機車,25.06203,121.5159
2012-10-18 10:31:00,自用-小客車;普通重型-機車,25.03104,121.5603
2012-10-18 10:45:00,自用-小客車;普通重型-機車,25.07503,121.5759
2012-10-18 10:45:00,自用-小貨車;普通重型-機車,25.10997,121.5177
2012-10-18 11:40:00,自用-小客車;普通重型-機車;普通重型-機車,25.02672,121.5467
2012-10-18 12:10:00,普通重型-機車;自用-小客車;普通重型-機車;普通重型-機車,25.13756,121.5457
2012-10-18 12:38:00,租賃車-小客車;行人-人,25.13159,121.5010
2012-10-18 12:53:00,自用-小客車;普通重型-機車;普通重型-機車,25.08097,121.5713
2012-10-18 13:08:00,普通重型-機車;自用-小客車,25.02168,121.5559
2012-10-18 13:35:00,自用-小客車;普通重型-機車,25.21030,121.6659
2012-10-18 13:55:00,普通重型-機車;普通重型-機車;自用-小客車,25.14262,121.4882
2012-10-18 14:25:00,普通重型-機車;普通重型-機車,25.21030,121.6659
2012-10-18 14:36:00,普通重型-機車;普通重型-機車,25.08135,121.5517
2012-10-18 14:50:00,自用-小客車;行人-人,25.09657,121.5321
2012-10-18 16:10:00,自用-小客車;普通重型-機車,25.21030,121.6659
2012-10-18 17:10:00,普通重型-機車;普通重型-機車,25.21030,121.6659
2012-10-18 17:30:00,普通重型-機車;行人-人,25.02097,121.5505
2012-10-18 17:40:00,普通重型-機車;普通重型-機車,25.21030,121.6659
2012-10-18 17:50:00,普通輕型-機車,25.21030,121.6659
2012-10-18 18:00:00,營業用-小貨車;普通輕型-機車,25.11917,121.5262
2012-10-18 18:09:00,普通重型-機車,25.10544,121.5573
2012-10-18 18:24:00,自用-小客車;普通重型-機車;普通重型-機車;普通重型-機車,25.04760,121.5785
2012-10-18 18:33:00,自用-小客車;普通重型-機車,25.02904,121.5603
2012-10-18 19:07:00,普通重型-機車;普通重型-機車;普通重型-機車,25.09892,121.5302
2012-10-18 19:20:00,普通重型-機車,25.21030,121.6659
2012-10-18 19:35:00,普通重型-機車;普通重型-機車,25.08641,121.5606
2012-10-18 20:16:00,租賃車-小客車;普通重型-機車,25.19537,121.6078
2012-10-18 21:30:00,普通重型-機車;普通重型-機車,25.06128,121.5327
2012-10-18 21:30:00,自用-小客車;普通重型-機車,25.08654,121.5595
2012-10-18 21:55:00,普通重型-機車;普通重型-機車,25.06299,121.5202
2012-10-18 22:20:00,普通重型-機車;普通輕型-機車;普通重型-機車;普通重型-機車;普通重型-機車;普通輕型-機車;普通重型-機車;普通重型-機車,25.04056,121.4984
2012-10-18 22:35:00,普通重型-機車;普通重型-機車,25.06571,121.5124
2012-10-18 23:24:00,計程車-小客車;普通重型-機車,25.06819,121.5419
2012-10-18 23:30:00,普通重型-機車;普通重型-機車,25.10618,121.5240
2012-10-19 00:01:00,自用-小客車;自用-小客車,25.06596,121.5816
2012-10-19 00:05:00,計程車-小客車;普通重型-機車,25.04574,121.5789
2012-10-19 01:21:00,普通重型-機車;普通重型-機車,25.18400,121.5306
2012-10-19 06:32:00,腳踏自行車-慢車,25.06433,121.5227
2012-10-19 06:35:00,普通重型-機車;行人-人,25.21030,121.6659
2012-10-19 06:36:00,普通重型-機車;普通重型-機車,25.04810,121.5728
2012-10-19 06:50:00,普通重型-機車;計程車-小客車,25.06803,121.5798
2012-10-19 07:17:00,計程車-小客車;自用-小貨車,25.02594,121.5724
2012-10-19 07:25:00,普通重型-機車;自用-小客車;普通重型-機車,25.11420,121.5161
2012-10-19 07:48:00,普通重型-機車;普通重型-機車,25.04996,121.5653
2012-10-19 07:50:00,租賃車-小客車;行人-人,25.12040,121.5303
2012-10-19 07:56:00,普通重型-機車;普通重型-機車,25.05294,121.5577
2012-10-19 08:00:00,腳踏自行車-慢車;普通重型-機車,25.12163,121.4696
2012-10-19 08:10:00,普通重型-機車;自用-小客車;自用-小貨車,25.05229,121.5159
2012-10-19 08:30:00,自用-小貨車;腳踏自行車-慢車,25.05690,121.5285
2012-10-19 09:00:00,自用-小客車;普通重型-機車,25.03036,121.5289
2012-10-19 09:00:00,計程車-小客車;普通重型-機車,25.07850,121.5795
2012-10-19 09:10:00,普通重型-機車;普通重型-機車,25.06059,121.6103
2012-10-19 09:29:00,計程車-小客車;普通輕型-機車,25.11513,121.6286
2012-10-19 09:44:00,自用-小客車;普通重型-機車,25.05447,121.5418
2012-10-19 10:35:00,自用-小客車;普通重型-機車,25.21030,121.6659
2012-10-19 10:39:00,營業用-曳引車;普通重型-機車;普通重型-機車,25.00294,121.6000
2012-10-19 10:49:00,普通重型-機車;租賃車-小客車,25.05414,121.5434
2012-10-19 11:10:00,自用-小貨車;普通重型-機車;普通重型-機車,25.12164,121.5528
2012-10-19 11:40:00,計程車-小客車;普通重型-機車,25.06390,121.5243
2012-10-19 11:55:00,民營客運-大客車;普通重型-機車,25.04295,121.5577
2012-10-19 12:00:00,普通重型-機車,25.06437,121.5195
2012-10-19 12:40:00,自用-小客車;普通重型-機車,25.09175,121.5636
2012-10-19 13:10:00,自用-小客車;行人-人,25.08818,121.5100
2012-10-19 13:25:00,普通輕型-機車;普通重型-機車,25.06485,121.5302
2012-10-19 13:48:00,自用-小客車;普通重型-機車,25.21030,121.6659
2012-10-19 13:55:00,普通重型-機車;普通重型-機車,25.06650,121.5456
2012-10-19 14:00:00,自用-小客車;普通重型-機車,25.05955,121.5371
2012-10-19 15:06:00,自用-小客車;普通重型-機車;普通重型-機車,25.07596,121.5801
2012-10-19 15:10:00,普通重型-機車;普通重型-機車;民營公車-大客車,25.04186,121.5004
2012-10-19 15:55:00,自用-小客車;普通重型-機車,25.13950,121.4972
2012-10-19 16:25:00,自用-小客車;行人-人,25.09241,121.5724
2012-10-19 16:30:00,普通重型-機車;租賃車-小客車,25.12416,121.5260
2012-10-19 16:36:00,自用-小客車;普通重型-機車,25.12608,121.5000
2012-10-19 16:55:00,自用-小客車;普通重型-機車,25.13974,121.5054
2012-10-19 17:14:00,自用-小客車;普通重型-機車,25.03887,121.5651
2012-10-19 17:20:00,其他車-其他車;普通重型-機車;普通重型-機車,25.06680,121.5785
2012-10-19 17:30:00,普通重型-機車;普通重型-機車,25.06390,121.5243
2012-10-19 17:40:00,普通重型-機車;普通重型-機車,25.03949,121.5068
2012-10-19 17:51:00,普通重型-機車;普通重型-機車;租賃車-小客車,25.08344,121.5250
2012-10-19 18:00:00,普通重型-機車;普通重型-機車,25.06285,121.5126
2012-10-19 18:10:00,自用-小客車;自用-小客車;自用-小客車,25.21030,121.6659
2012-10-19 18:28:00,普通重型-機車;普通重型-機車,25.21030,121.6659
2012-10-19 18:45:00,普通重型-機車,25.08103,121.5768
2012-10-19 19:14:00,普通重型-機車;行人-人,25.06499,121.6012
2012-10-19 19:35:00,普通輕型-機車;普通重型-機車,25.21030,121.6659
2012-10-19 20:40:00,普通重型-機車;普通重型-機車,25.05356,121.6048
2012-10-19 20:45:00,計程車-小客車;普通輕型-機車,25.04384,121.5834
2012-10-19 20:50:00,普通重型-機車;普通重型-機車;普通重型-機車;自用-小客車;普通重型-機車;普通重型-機車,25.09741,121.5153
2012-10-19 21:31:00,計程車-小客車;普通重型-機車,25.05071,121.5256
2012-10-19 21:56:00,民營客運-大客車;普通重型-機車,25.06367,121.5630
2012-10-19 21:57:00,行人-人;民營客運-大客車,25.06448,121.5181
2012-10-19 22:10:00,普通重型-機車;自用-小客車;普通重型-機車,25.03213,121.5606
2012-10-19 22:25:00,普通重型-機車;腳踏自行車-慢車,25.21030,121.6659
2012-10-19 22:29:00,普通重型-機車;計程車-小客車,25.04633,121.5384
2012-10-19 22:35:00,自用-小客車;行人-人,25.13703,121.5010
2012-10-19 22:43:00,普通重型-機車;普通重型-機車;普通重型-機車,25.19537,121.6078
2012-10-19 23:09:00,普通重型-機車;普通重型-機車,25.03936,121.5876
2012-10-19 23:20:00,普通重型-機車;普通重型-機車;普通重型-機車,25.21030,121.6659
2012-10-20 01:50:00,普通重型-機車;自用-小客車,25.03256,121.5019
2012-10-20 02:18:00,普通重型-機車;普通重型-機車,25.12448,121.4759
2012-10-20 03:10:00,普通重型-機車;自用-小客車,25.02432,121.5569
2012-10-20 03:40:00,普通重型-機車;計程車-小客車,25.06299,121.5202
2012-10-20 05:28:00,自用-小客車;行人-人,25.04812,121.5507
2012-10-20 06:15:00,普通重型-機車;普通重型-機車,25.09198,121.5047
2012-10-20 06:45:00,普通重型-機車;計程車-小客車,25.05610,121.5571
2012-10-20 07:20:00,普通重型-機車;自用-小貨車,25.03060,121.5625
2012-10-20 07:50:00,普通重型-機車;腳踏自行車-慢車,25.10625,121.5200
2012-10-20 08:00:00,自用-小客車;普通輕型-機車;普通輕型-機車,25.11958,121.5015
2012-10-20 08:10:00,普通重型-機車,25.06071,121.5915
2012-10-20 08:47:00,自用-小客車;普通重型-機車,25.05087,121.5830
2012-10-20 08:48:00,自用-小客車;普通重型-機車,25.21030,121.6659
2012-10-20 09:20:00,普通重型-機車;自用-小客車,25.13773,121.5445
2012-10-20 09:26:00,普通重型-機車;普通重型-機車,25.05294,121.5577
2012-10-20 09:40:00,自用-小客車;普通輕型-機車;普通輕型-機車,25.06809,121.5376
2012-10-20 09:40:00,普通重型-機車;腳踏自行車-慢車,25.01353,121.5575
2012-10-20 09:50:00,自用-小客車;普通重型-機車,25.11409,121.5108
2012-10-20 09:50:00,租賃車-小客車;普通輕型-機車,25.04755,121.5710
2012-10-20 09:51:00,自用-小客車;腳踏自行車-慢車,25.04968,121.5356
2012-10-20 09:55:00,普通重型-機車;普通重型-機車,25.05434,121.6103
2012-10-20 10:00:00,普通輕型-機車;自用-小客車;普通輕型-機車,25.11592,121.5164
2012-10-20 10:15:00,普通重型-機車;普通重型-機車,25.21030,121.6659
2012-10-20 10:20:00,自用-小客車;普通重型-機車,25.12448,121.4759
2012-10-20 10:30:00,普通重型-機車;普通重型-機車;普通重型-機車,25.21030,121.6659
2012-10-20 10:45:00,普通輕型-機車;普通重型-機車,25.02445,121.5546
2012-10-20 10:55:00,普通重型-機車;租賃車-小客車,25.10384,121.5557
2012-10-20 11:00:00,普通重型-機車;普通重型-機車,25.12448,121.4759
2012-10-20 11:13:00,租賃車-小客車;普通重型-機車,25.21030,121.6659
2012-10-20 11:20:00,自用-小客車;普通重型-機車;行人-人,25.07311,121.6075
2012-10-20 12:20:00,普通重型-機車;自用-小客車;租賃車-小客車,25.07674,121.5911
2012-10-20 12:53:00,自用-小客車;大型重型1-機車,25.07465,121.5769
2012-10-20 13:00:00,計程車-小客車;行人-人,25.21030,121.6659
2012-10-20 13:45:00,自用-小客車;普通重型-機車,25.04210,121.5701
2012-10-20 14:36:00,自用-小客車;普通輕型-機車,25.08211,121.5834
2012-10-20 14:52:00,普通重型-機車,25.04417,121.5819
2012-10-20 15:11:00,自用-小客車;普通重型-機車,25.07854,121.5817
2012-10-20 15:15:00,腳踏自行車-慢車;腳踏自行車-慢車,25.21030,121.5761
2012-10-20 15:23:00,救護車-特種車;普通重型-機車,25.09657,121.5321
2012-10-20 16:10:00,普通重型-機車;普通重型-機車,25.02540,121.5177
2012-10-20 16:10:00,自用-小客車;行人-人;自用-小貨車,25.13778,121.4963
2012-10-20 16:39:00,腳踏自行車-慢車;腳踏自行車-慢車,25.06400,121.6114
2012-10-20 16:46:00,普通重型-機車;普通重型-機車,25.09657,121.5321
2012-10-20 17:30:00,自用-小貨車;行人-人,25.11845,121.5084
2012-10-20 17:39:00,自用-小客車;普通重型-機車,25.06977,121.5384
2012-10-20 18:00:00,普通輕型-機車;普通重型-機車,25.07629,121.5764
2012-10-20 18:35:00,腳踏自行車-慢車;計程車-小客車,25.04180,121.5743
2012-10-20 19:00:00,計程車-小客車;行人-人,25.04881,121.5780
2012-10-20 19:10:00,腳踏自行車-慢車;普通重型-機車,25.13361,121.5083
2012-10-20 19:15:00,普通重型-機車;普通重型-機車,25.21030,121.6659
2012-10-20 21:20:00,普通輕型-機車;自用-小客車,25.21030,121.6659
2012-10-20 22:00:00,計程車-小客車;普通重型-機車;普通重型-機車;自用-小客車,25.06378,121.5295
2012-10-20 22:00:00,普通輕型-機車;行人-人;行人-人,25.05611,121.6144
2012-10-20 22:02:00,普通重型-機車;普通重型-機車;普通重型-機車,25.04602,121.5744
2012-10-20 22:08:00,普通重型-機車;自用-小客車,25.04612,121.5419
2012-10-20 22:50:00,自用-小客車;普通重型-機車,25.11920,121.5233
2012-10-20 23:30:00,普通重型-機車;計程車-小客車;普通重型-機車,25.05905,121.5553
2012-10-21 00:07:00,腳踏自行車-慢車;普通重型-機車,25.06390,121.5243
2012-10-21 00:14:00,普通重型-機車;普通重型-機車,25.06299,121.5202
2012-10-21 01:00:00,自用-小客車;行人-人,25.05427,121.5350
2012-10-21 01:35:00,計程車-小客車;普通重型-機車;普通重型-機車,25.21030,121.6659
2012-10-21 06:30:00,自用-小客車;行人-人,25.21030,121.6659
2012-10-21 07:03:00,普通重型-機車;行人-人,25.07879,121.5789
2012-10-21 07:05:00,自用-小客車;腳踏自行車-慢車,25.06365,121.5572
2012-10-21 07:15:00,計程車-小客車;普通重型-機車,25.21030,121.6659
2012-10-21 07:39:00,普通重型-機車;普通重型-機車,25.00631,121.5404
2012-10-21 07:40:00,自用-小客車;普通重型-機車,25.11805,121.5228
2012-10-21 08:25:00,普通重型-機車;行人-人,25.01937,121.5025
2012-10-21 08:27:00,自用-小客車;普通重型-機車,25.09241,121.5724
2012-10-21 08:30:00,自用-小客車;普通重型-機車,25.06680,121.5826
2012-10-21 09:15:00,普通重型-機車;計程車-小客車;普通重型-機車,25.06834,121.5274
2012-10-21 09:25:00,普通輕型-機車;行人-人,25.09289,121.5086
2012-10-21 09:40:00,自用-小客車;行人-人,25.21030,121.6659
2012-10-21 10:29:00,普通重型-機車;行人-人,25.04837,121.5577
2012-10-21 10:58:00,普通重型-機車;自用-小客車;普通重型-機車,25.09571,121.5239
2012-10-21 11:35:00,自用-小客車;普通重型-機車,25.03083,121.5704
2012-10-21 11:36:00,普通重型-機車;普通重型-機車,25.10606,121.5382
2012-10-21 11:48:00,普通重型-機車;自用-小客車,25.21030,121.6659
2012-10-21 11:55:00,普通重型-機車;普通重型-機車,25.21030,121.6659
2012-10-21 11:59:00,自用-小客車;普通重型-機車;普通重型-機車,25.02009,121.5318
2012-10-21 12:10:00,自用-小客車;普通輕型-機車;普通輕型-機車,25.21030,121.6659
2012-10-21 12:30:00,自用-小客車;行人-人,25.05152,121.5671
2012-10-21 12:44:00,普通重型-機車;普通重型-機車,25.12726,121.5095
2012-10-21 13:30:00,自用-小客車;行人-人,25.11415,121.5314
2012-10-21 13:50:00,計程車-小客車;遊覽車-大客車;計程車-小客車,25.00555,121.5966
2012-10-21 14:40:00,自用-小客車;自用-小客車;自用-小客車;自用-小客車;自用-小客車,25.03912,121.5666
2012-10-21 14:47:00,其他車-其他車;普通重型-機車,25.07596,121.5801
2012-10-21 14:53:00,普通重型-機車;普通重型-機車;普通重型-機車;普通重型-機車,25.04186,121.5004
2012-10-21 15:00:00,普通重型-機車;普通重型-機車;普通重型-機車,25.05023,121.5294
2012-10-21 15:14:00,普通重型-機車;自用-小客車;其他車-其他車,25.05870,121.5149
2012-10-21 15:20:00,自用-小客車;普通重型-機車,25.21030,121.6659
2012-10-21 15:20:00,自用-小客車;普通輕型-機車,25.08672,121.5599
2012-10-21 15:30:00,普通重型-機車;普通重型-機車,25.05129,121.5164
2012-10-21 16:05:00,普通重型-機車;腳踏自行車-慢車;普通重型-機車,25.09154,121.5157
2012-10-21 16:30:00,自用-小客車;普通重型-機車;自用-小貨車;自用-小客車,25.09546,121.5229
2012-10-21 16:44:00,自用-小客車;普通重型-機車,25.21030,121.6659
2012-10-21 16:45:00,普通重型-機車;計程車-小客車,25.07318,121.6101
2012-10-21 17:03:00,普通重型-機車;普通重型-機車;普通重型-機車,25.03621,121.5048
2012-10-21 17:08:00,自用-小客車;普通重型-機車,25.04975,121.5378
2012-10-21 17:20:00,自用-小客車;自用-小客車;自用-小客車;自用-小客車,25.02179,121.5599
2012-10-21 17:45:00,自用-小客車;普通重型-機車,25.05572,121.6217
2012-10-21 18:00:00,普通重型-機車;腳踏自行車-慢車;普通重型-機車,25.07970,121.5457
2012-10-21 18:25:00,普通重型-機車;計程車-小客車,25.03734,121.5626
2012-10-21 18:40:00,普通重型-機車;普通重型-機車,25.21030,121.6659
2012-10-21 18:52:00,自用-小貨車;普通重型-機車;普通重型-機車,25.21030,121.6659
2012-10-21 19:05:00,自用-小客車;普通重型-機車;計程車-小客車,25.08118,121.5492
2012-10-21 19:18:00,自用-小客車;行人-人;行人-人,25.03693,121.5799
2012-10-21 19:50:00,普通重型-機車,25.11513,121.6286
2012-10-21 20:20:00,普通重型-機車;腳踏自行車-慢車,25.02830,121.5056
2012-10-21 20:40:00,自用-小客車;普通重型-機車,25.12608,121.5000
2012-10-21 21:25:00,自用-小客車;普通重型-機車;普通重型-機車,25.07222,121.5708
2012-10-21 22:05:00,普通重型-機車;腳踏自行車-慢車,25.21030,121.6659
2012-10-21 23:30:00,普通重型-機車;腳踏自行車-慢車;普通重型-機車,25.07970,121.5457
2012-10-21 23:45:00,普通重型-機車;普通重型-機車;普通重型-機車,25.15353,121.5503
2012-10-22 01:10:00,自用-小客車;自用-小客車,25.11553,121.5561
2012-10-22 03:50:00,計程車-小客車;普通重型-機車,25.05023,121.5294
2012-10-22 06:40:00,自用-小貨車;普通重型-機車,25.07872,121.5510
2012-10-22 06:40:00,租賃車-小客車;普通重型-機車,25.06299,121.5202
2012-10-22 06:50:00,普通重型-機車;普通輕型-機車;普通重型-機車,25.03593,121.5069
2012-10-22 07:05:00,普通重型-機車;自用-小客車,25.12227,121.5294
2012-10-22 07:25:00,普通重型-機車;計程車-小客車,25.14306,121.4915
2012-10-22 07:30:00,自用-小客車;普通重型-機車;普通重型-機車,25.04944,121.5642
2012-10-22 07:52:00,普通重型-機車;普通重型-機車,25.03156,121.5009
2012-10-22 08:00:00,普通重型-機車;行人-人,25.05507,121.5084
2012-10-22 08:08:00,普通重型-機車;普通重型-機車,25.09021,121.5051
2012-10-22 08:20:00,普通重型-機車;普通重型-機車,25.04927,121.5335
2012-10-22 08:30:00,自用-小客車;普通重型-機車,25.04427,121.5574
2012-10-22 08:30:00,民營公車-大客車;自用-小客車;自用-小客車,25.21030,121.6659
2012-10-22 08:30:00,普通輕型-機車;民營公車-大客車;普通輕型-機車,25.07211,121.5902
2012-10-22 08:35:00,普通重型-機車;普通重型-機車,25.04691,121.5209
2012-10-22 08:45:00,自用-小客車;普通重型-機車,25.08772,121.5204
2012-10-22 09:00:00,普通輕型-機車;計程車-小客車,25.00132,121.5711
2012-10-22 10:13:00,普通重型-機車;普通重型-機車,25.08996,121.5117
2012-10-22 10:40:00,普通重型-機車;其他車-其他車,25.04116,121.5462
2012-10-22 10:50:00,救護車-特種車;普通重型-機車,25.04446,121.5311
2012-10-22 11:16:00,普通重型-機車;普通重型-機車,25.05519,121.5675
2012-10-22 11:20:00,自用-小客車;普通重型-機車,25.09850,121.5251
2012-10-22 11:35:00,自用-小客車;普通重型-機車,25.12448,121.4759
2012-10-22 11:55:00,自用-小客車;普通重型-機車,25.21030,121.6659
2012-10-22 12:15:00,普通重型-機車;自用-小客車;自用-小貨車,25.06968,121.5800
2012-10-22 12:20:00,計程車-小客車;腳踏自行車-慢車,25.11037,121.5156
2012-10-22 12:40:00,自用-小客車;普通重型-機車,25.06808,121.5397
2012-10-22 12:53:00,自用-小客車;普通重型-機車,25.07437,121.6065
2012-10-22 13:10:00,自用-小客車;普通重型-機車,25.06357,121.5790
2012-10-22 13:13:00,普通重型-機車;自用-小客車,25.02344,121.5486
2012-10-22 13:20:00,普通重型-機車;普通重型-機車,25.21030,121.6659
2012-10-22 13:20:00,計程車-小客車;普通重型-機車,25.06444,121.5542
2012-10-22 13:40:00,普通重型-機車;自用-小貨車,25.08150,121.5219
2012-10-22 13:40:00,普通重型-機車;普通重型-機車,25.06299,121.5202
2012-10-22 13:50:00,自用-小客車;普通重型-機車,25.12045,121.5131
2012-10-22 14:30:00,電動自行車-慢車;普通重型-機車,25.21030,121.6659
2012-10-22 14:50:00,營業用-小貨車;自用-小客車;自用-小客車,25.13519,121.4769
2012-10-22 15:37:00,自用-小客車;普通輕型-機車,25.05160,121.5868
2012-10-22 16:00:00,普通重型-機車;自用-小客車,25.08426,121.5514
2012-10-22 16:25:00,自用-小客車;普通重型-機車,25.21030,121.6659
2012-10-22 17:00:00,普通重型-機車;普通重型-機車,25.05813,121.6087
2012-10-22 17:00:00,自用-小客車;普通重型-機車;自用-小客車,25.15701,121.5501
2012-10-22 17:02:00,普通重型-機車;普通重型-機車,25.07989,121.5794
2012-10-22 17:45:00,其他車-其他車;普通重型-機車,25.06824,121.5240
2012-10-22 17:55:00,普通重型-機車;普通重型-機車,25.21030,121.6659
2012-10-22 17:56:00,普通重型-機車;普通重型-機車,25.08593,121.5765
2012-10-22 18:06:00,普通重型-機車;普通重型-機車,25.07209,121.5833
2012-10-22 18:15:00,行人-人;普通重型-機車,25.03302,121.5009
2012-10-22 18:17:00,普通重型-機車;普通重型-機車;普通重型-機車,25.05813,121.6087
2012-10-22 19:10:00,自用-小客車;行人-人,25.12121,121.5115
2012-10-22 20:08:00,自用-小客車;行人-人,25.06230,121.5383
2012-10-22 20:20:00,自用-小客車;普通重型-機車,25.04883,121.5801
2012-10-22 20:50:00,普通重型-機車;自用-小客車,25.04056,121.4984
2012-10-22 20:55:00,普通重型-機車;普通重型-機車,25.11392,121.5252
2012-10-22 21:00:00,自用-小客車;大型重型1-機車,25.05836,121.5155
2012-10-22 21:35:00,普通重型-機車;普通重型-機車,25.05159,121.5942
2012-10-22 22:05:00,自用-小客車;普通重型-機車;普通重型-機車,25.00248,121.5520
2012-10-22 22:27:00,自用-小貨車;自用-大貨車;自用-小貨車;自用-小貨車,25.09746,121.5155
2012-10-22 22:50:00,計程車-小客車;行人-人,25.00938,121.5394
2012-10-23 06:50:00,計程車-小客車;普通重型-機車,25.06444,121.5542
2012-10-23 07:06:00,普通重型-機車;自用-小客車,25.06367,121.5630
2012-10-23 07:40:00,普通重型-機車;自用-小客車,25.10222,121.5276
2012-10-23 07:50:00,普通重型-機車;普通重型-機車;普通重型-機車,25.09892,121.5302
2012-10-23 08:14:00,普通重型-機車;腳踏自行車-慢車,25.03092,121.5078
2012-10-23 08:35:00,遊覽車-大客車;行人-人,25.21030,121.6659
2012-10-23 08:36:00,計程車-小客車;普通重型-機車,25.06299,121.5202
2012-10-23 08:44:00,自用-小客車;普通重型-機車,25.05070,121.5103
2012-10-23 08:45:00,電動自行車-慢車;普通重型-機車,25.07941,121.5177
2012-10-23 08:57:00,普通重型-機車;普通重型-機車,25.02844,121.5159
2012-10-23 09:10:00,普通重型-機車;自用-小客車,25.05186,121.5540
2012-10-23 09:12:00,自用-小客車;普通重型-機車,25.02989,121.5456
2012-10-23 10:25:00,自用-小貨車;行人-人,25.05775,121.5461
2012-10-23 10:43:00,自用-小客車;普通重型-機車,25.10760,121.4843
2012-10-23 10:57:00,普通重型-機車;計程車-小客車;普通輕型-機車,25.04968,121.5655
2012-10-23 12:07:00,自用-小客車;普通重型-機車,25.04282,121.5143
2012-10-23 12:39:00,計程車-小客車;普通重型-機車,25.14676,121.5509
2012-10-23 13:45:00,普通重型-機車;普通重型-機車,25.06834,121.5274
2012-10-23 14:30:00,普通重型-機車;行人-人,25.05023,121.5294
2012-10-23 14:37:00,自用-小客車;普通重型-機車,25.08113,121.5458
2012-10-23 14:37:00,自用-小客車;普通輕型-機車,25.06181,121.5468
2012-10-23 15:36:00,普通重型-機車;普通重型-機車,25.05745,121.5472
2012-10-23 15:50:00,普通重型-機車;普通重型-機車,25.13509,121.5026
2012-10-23 16:50:00,普通重型-機車;普通重型-機車;普通重型-機車,25.05365,121.5239
2012-10-23 17:09:00,普通重型-機車;普通重型-機車,25.08775,121.5074
2012-10-23 17:46:00,其他車-其他車;普通重型-機車,25.05273,121.5221
2012-10-23 18:12:00,腳踏自行車-慢車;行人-人,25.04917,121.5580
2012-10-23 18:36:00,計程車-小客車;行人-人,25.04855,121.5443
2012-10-23 18:50:00,普通重型-機車;計程車-小客車,25.06672,121.5384
2012-10-23 20:15:00,自用-小客車;普通重型-機車;普通重型-機車,25.13865,121.5464
2012-10-23 20:50:00,自用-小客車;普通重型-機車,25.09618,121.5218
2012-10-23 20:55:00,自用-小客車;普通重型-機車,25.11547,121.5143
2012-10-23 22:50:00,計程車-小客車;普通重型-機車,25.04952,121.5409
2012-10-24 03:20:00,自用-小客車;普通重型-機車,25.03053,121.4919
2012-10-24 06:37:00,計程車-小客車;普通重型-機車,25.06255,121.5288
2012-10-24 07:22:00,租賃車-小客車;普通重型-機車;自用-小客車,25.10606,121.5225
2012-10-24 08:00:00,自用-小客車;普通重型-機車,25.13711,121.5043
2012-10-24 08:30:00,普通重型-機車;其他人-人,25.06433,121.5197
2012-10-24 08:40:00,普通重型-機車;普通輕型-機車;普通輕型-機車,25.04285,121.5397
2012-10-24 08:50:00,普通重型-機車;普通輕型-機車,25.03822,121.5484
2012-10-24 09:45:00,普通輕型-機車;自用-小客車,25.06043,121.5232
2012-10-24 10:09:00,普通重型-機車;普通重型-機車,25.06819,121.5419
2012-10-24 11:20:00,普通重型-機車;普通重型-機車,25.21030,121.6659
2012-10-24 11:30:00,自用-小客車;普通重型-機車,25.06176,121.5230
2012-10-24 11:50:00,遊覽車-大客車;自用-小客車;計程車-小客車,25.09657,121.5321
2012-10-24 12:20:00,普通重型-機車;普通重型-機車,25.13376,121.4694
2012-10-24 12:40:00,普通重型-機車;自用-小客車,25.07809,121.5136
2012-10-24 13:10:00,自用-小客車;普通重型-機車,25.13220,121.5477
2012-10-24 13:20:00,自用-小客車;普通重型-機車,25.05967,121.5112
2012-10-24 13:55:00,自用-小客車;普通重型-機車,25.12741,121.4669
2012-10-24 15:55:00,計程車-小客車;普通重型-機車;普通重型-機車,25.05176,121.5451
2012-10-24 16:24:00,普通重型-機車;普通重型-機車;自用-小客車,25.06444,121.5135
2012-10-24 17:05:00,普通重型-機車;自用-小客車,25.06285,121.5126
2012-10-24 17:10:00,行人-人;自用-小客車;行人-人,25.10167,121.5076
2012-10-24 17:30:00,自用-小客車;普通輕型-機車,25.05329,121.5143
2012-10-24 18:28:00,普通重型-機車;普通重型-機車;普通重型-機車,25.03172,121.5110
2012-10-24 18:30:00,自用-小客車;普通重型-機車,25.13273,121.5519
2012-10-24 19:00:00,自用-小客車;行人-人,25.02303,121.5209
2012-10-24 19:20:00,普通重型-機車;計程車-小客車,25.06299,121.5202
2012-10-24 20:09:00,自用-小客車;普通重型-機車,25.07815,121.5690
2012-10-24 21:00:00,自用-小客車;普通重型-機車;普通重型-機車,25.10668,121.5186
2012-10-24 22:40:00,普通重型-機車;普通重型-機車;普通重型-機車,25.10377,121.5269
2012-10-24 23:30:00,普通重型-機車;普通重型-機車;普通重型-機車,25.06043,121.5232
2012-10-24 23:40:00,普通重型-機車;計程車-小客車,25.04833,121.5592
2012-10-25 00:23:00,自用-小客車;普通重型-機車;普通重型-機車,25.09657,121.5321
2012-10-25 01:00:00,普通重型-機車;普通重型-機車,25.09241,121.5724
2012-10-25 05:55:00,普通重型-機車;計程車-小客車,25.04819,121.5073
2012-10-25 06:00:00,其他車-其他車;普通重型-機車,25.09370,121.5273
2012-10-25 07:14:00,自用-小客車;腳踏自行車-慢車,25.06537,121.5389
2012-10-25 07:25:00,普通重型-機車;行人-人,25.03510,121.5371
2012-10-25 07:55:00,普通重型-機車;普通重型-機車,25.21030,121.6659
2012-10-25 08:00:00,普通重型-機車;腳踏自行車-慢車;普通重型-機車,25.10526,121.4882
2012-10-25 08:10:00,自用-小客車;普通重型-機車,25.06834,121.5274
2012-10-25 08:10:00,普通重型-機車;普通重型-機車,25.21030,121.6659
2012-10-25 08:10:00,普通重型-機車;普通重型-機車,25.10183,121.5340
2012-10-25 08:15:00,自用-小客車;普通重型-機車;普通重型-機車,25.11284,121.5235
2012-10-25 08:30:00,自用-小客車;普通輕型-機車,25.03106,121.5211
2012-10-25 08:50:00,計程車-小客車;普通重型-機車,25.07769,121.5106
2012-10-25 09:00:00,租賃車-小客車;行人-人,25.06230,121.5383
2012-10-25 09:00:00,普通重型-機車;自用-小客車,25.10465,121.5201
2012-10-25 09:23:00,計程車-小客車;行人-人,25.04874,121.5540
2012-10-25 09:50:00,自用-小客車;普通重型-機車,25.08703,121.5585
2012-10-25 10:00:00,自用-小客車;普通重型-機車,25.02784,121.5431
2012-10-25 11:40:00,租賃車-小客車;普通重型-機車,25.11193,121.5407
2012-10-25 12:48:00,其他車-其他車;普通重型-機車,25.03949,121.5068
2012-10-25 12:55:00,普通重型-機車;普通重型-機車,25.21030,121.6659
2012-10-25 13:00:00,其他車-其他車;普通重型-機車,25.12048,121.5037
2012-10-25 15:15:00,普通重型-機車;普通重型-機車,25.04207,121.5006
2012-10-25 16:00:00,自用-小客車;普通重型-機車,25.04079,121.5433
2012-10-25 16:00:00,自用-小客車;普通重型-機車,25.04680,121.5250
2012-10-25 16:30:00,自用-小客車;普通重型-機車,25.08047,121.5472
2012-10-25 18:22:00,普通重型-機車;計程車-小客車,25.07120,121.5385
2012-10-25 19:03:00,普通重型-機車;行人-人;行人-人,25.12577,121.5354
2012-10-25 19:30:00,自用-小客車;普通輕型-機車,25.06437,121.5195
2012-10-25 19:30:00,計程車-小客車;普通重型-機車,25.05129,121.5164
2012-10-25 19:46:00,普通重型-機車;普通重型-機車,25.04817,121.5302
2012-10-25 20:30:00,自用-小客車;普通重型-機車,25.12448,121.4759
2012-10-25 20:35:00,普通重型-機車;自用-小客車,25.06485,121.5302
2012-10-25 20:36:00,普通重型-機車;普通重型-機車,25.04186,121.5004
2012-10-25 20:55:00,普通重型-機車;自用-小客車;普通重型-機車;自用-小客車;普通重型-機車,25.11871,121.5071
2012-10-25 20:55:00,自用-小客車;普通重型-機車,25.12449,121.4703
2012-10-25 21:30:00,自用-小客車;普通重型-機車;普通重型-機車,25.09584,121.5262
2012-10-26 04:55:00,計程車-小客車;行人-人,25.03082,121.5041
2012-10-26 07:30:00,普通重型-機車;普通重型-機車,25.03787,121.4944
2012-10-26 08:00:00,普通重型-機車;普通重型-機車,25.06230,121.5405
2012-10-26 08:30:00,計程車-小客車;普通重型-機車;普通重型-機車,25.02162,121.5351
2012-10-26 08:40:00,普通重型-機車;自用-小客車,25.02898,121.5350
2012-10-26 09:00:00,普通重型-機車;普通重型-機車;普通重型-機車,25.10580,121.5118
2012-10-26 09:11:00,普通重型-機車,25.11946,121.5404
2012-10-26 09:20:00,租賃車-小客車;普通重型-機車,25.12695,121.5751
2012-10-26 09:30:00,普通重型-機車;行人-人,25.09241,121.5724
2012-10-26 09:36:00,自用-小客車;行人-人,25.05016,121.5858
2012-10-26 09:50:00,自用-小客車;普通輕型-機車,25.02599,121.5525
2012-10-26 09:55:00,民營公車-大客車;普通重型-機車,25.08422,121.5652
2012-10-26 10:00:00,腳踏自行車-慢車;自用-小客車,25.06718,121.5256
2012-10-26 10:02:00,普通重型-機車;自用-大貨車,25.06543,121.5489
2012-10-26 10:11:00,民營公車-大客車;普通重型-機車,25.03946,121.5179
2012-10-26 10:25:00,普通輕型-機車;行人-人,25.13400,121.5051
2012-10-26 10:30:00,普通重型-機車;自用-小客車,25.13967,121.4907
2012-10-26 10:35:00,普通重型-機車;普通重型-機車,25.09241,121.5724
2012-10-26 10:38:00,自用-小客車;普通重型-機車,25.05794,121.5530
2012-10-26 10:44:00,自用-小客車;普通輕型-機車,25.06753,121.6135
2012-10-26 10:50:00,自用-小貨車;普通重型-機車,25.03013,121.4935
2012-10-26 11:00:00,普通重型-機車;普通重型-機車,25.11544,121.5244
2012-10-26 11:38:00,普通輕型-機車;普通重型-機車,25.14227,121.5019
2012-10-26 11:54:00,普通重型-機車;腳踏自行車-慢車,25.21030,121.6659
2012-10-26 12:07:00,自用-小客車;電動自行車-慢車,25.03699,121.6170
2012-10-26 12:30:00,計程車-小客車;普通重型-機車,25.11193,121.5407
2012-10-26 12:50:00,腳踏自行車-慢車;計程車-小客車,25.06202,121.5399
2012-10-26 13:00:00,普通重型-機車;普通重型-機車;普通重型-機車,25.12266,121.4999
2012-10-26 13:15:00,普通重型-機車;普通重型-機車;普通重型-機車,25.07514,121.6118
2012-10-26 13:17:00,普通重型-機車;普通重型-機車;普通重型-機車;普通重型-機車,25.06808,121.5125
2012-10-26 13:24:00,租賃車-小客車;普通重型-機車,25.21030,121.6659
2012-10-26 13:25:00,計程車-小客車;普通重型-機車,25.05955,121.5371
2012-10-26 13:50:00,計程車-小客車;計程車-小客車;普通重型-機車,25.21030,121.6659
2012-10-26 14:14:00,自用-小客車;普通重型-機車;計程車-小客車,25.05592,121.5492
2012-10-26 14:18:00,普通重型-機車;普通重型-機車;自用-小客車,25.07941,121.5177
2012-10-26 14:30:00,計程車-小客車;腳踏自行車-慢車,25.04032,121.5563
2012-10-26 14:30:00,計程車-小客車;普通重型-機車;計程車-小客車,25.03446,121.5167
2012-10-26 14:40:00,自用-小客車;自用-小客車;計程車-小客車,25.07995,121.5501
2012-10-26 15:20:00,自用-小客車;普通重型-機車,25.04371,121.5597
2012-10-26 15:50:00,普通重型-機車;普通重型-機車;自用-小貨車;普通重型-機車,25.03262,121.5572
2012-10-26 15:54:00,普通重型-機車;自用-小貨車,25.00946,121.4574
2012-10-26 16:00:00,自用-小客車;普通重型-機車,25.03443,121.5538
2012-10-26 16:00:00,自用-小客車;行人-人,25.12174,121.5350
2012-10-26 16:13:00,普通重型-機車;普通重型-機車;普通重型-機車,25.08028,121.5225
2012-10-26 16:30:00,自用-小客車;自用-小客車;自用-小客車,25.19537,121.6078
2012-10-26 16:40:00,營業用-小貨車;普通重型-機車;自用-小客車,25.04584,121.5115
2012-10-26 16:40:00,普通輕型-機車;普通重型-機車,25.04378,121.5673
2012-10-26 16:45:00,自用-小客車;普通重型-機車,25.05822,121.5476
2012-10-26 17:00:00,自用-小貨車;普通重型-機車,25.00351,121.5825
2012-10-26 17:00:00,普通重型-機車;普通重型-機車,25.10562,121.5239
2012-10-26 17:41:00,腳踏自行車-慢車;自用-小客車,25.02210,121.5496
2012-10-26 18:30:00,普通重型-機車;普通輕型-機車,25.06157,121.5215
2012-10-26 18:45:00,自用-小客車;普通重型-機車;自用-小客車,25.10910,121.5273
2012-10-26 19:21:00,普通重型-機車;自用-小客車,25.04339,121.5803
2012-10-26 20:05:00,普通重型-機車;行人-人,25.06261,121.5250
2012-10-26 20:10:00,自用-小客車;普通重型-機車;普通重型-機車,25.05129,121.5759
2012-10-26 21:00:00,自用-小客車;普通重型-機車,25.01514,121.5323
2012-10-26 21:21:00,普通重型-機車;普通重型-機車,25.06943,121.5396
2012-10-26 21:35:00,普通重型-機車;普通重型-機車,25.05222,121.5681
2012-10-26 22:15:00,普通重型-機車;普通重型-機車,25.02774,121.5229
2012-10-26 22:15:00,自用-小客車;行人-人,25.09260,121.4981
2012-10-26 23:08:00,普通重型-機車;普通重型-機車;自用-小客車,25.11513,121.6286
2012-10-26 23:30:00,自用-小貨車;拼裝車-其他車,25.07062,121.5890
2012-10-26 23:38:00,計程車-小客車;腳踏自行車-慢車,25.03387,121.5746
2012-10-27 00:50:00,計程車-小客車;普通重型-機車,25.03104,121.5603
2012-10-27 05:39:00,動力機械-其他車;普通重型-機車,25.05159,121.5542
2012-10-27 06:30:00,普通重型-機車;腳踏自行車-慢車,25.09241,121.5724
2012-10-27 07:14:00,自用-小客車;行人-人,25.06517,121.5363
2012-10-27 07:48:00,自用-小客車;普通重型-機車,25.21030,121.6659
2012-10-27 07:58:00,普通重型-機車;普通重型-機車,25.07766,121.6148
2012-10-27 08:15:00,普通重型-機車,25.11990,121.5040
2012-10-27 08:45:00,普通輕型-機車;自用-小客車,25.21030,121.6659
2012-10-27 09:45:00,租賃車-小客車;普通重型-機車,25.06734,121.5765
2012-10-27 09:50:00,普通重型-機車;自用-小客車;其他車-其他車,25.04056,121.4984
2012-10-27 09:52:00,自用-小客車;普通重型-機車,25.04883,121.5801
2012-10-27 10:00:00,自用-小客車;腳踏自行車-慢車,25.05574,121.5480
2012-10-27 10:30:00,自用-小客車;普通重型-機車,25.05475,121.5204
2012-10-27 11:00:00,普通重型-機車;自用-小客車,25.13690,121.5046
2012-10-27 11:18:00,自用-小客車;大型重型1-機車;大型重型1-機車,25.13762,121.5038
2012-10-27 11:30:00,自用-小客車;普通重型-機車,25.02763,121.5225
2012-10-27 11:30:00,自用-小客車;腳踏自行車-慢車,25.12504,121.5038
2012-10-27 11:40:00,普通重型-機車;普通重型-機車,25.11805,121.5228
2012-10-27 12:00:00,普通重型-機車;自用-小客車,25.11556,121.5091
2012-10-27 12:34:00,民營公車-大客車;普通重型-機車;普通重型-機車,25.04954,121.5505
2012-10-27 13:15:00,自用-小客車;普通重型-機車,25.11509,121.5391
2012-10-27 13:45:00,普通重型-機車;計程車-小客車,25.04092,121.5817
2012-10-27 13:48:00,自用-小客車;普通重型-機車;普通重型-機車,25.06393,121.5230
2012-10-27 14:20:00,自用-小客車;普通重型-機車,25.02533,121.5183
2012-10-27 15:29:00,普通重型-機車;普通重型-機車,25.03621,121.5048
2012-10-27 16:37:00,普通重型-機車;普通重型-機車,25.07441,121.5784
2012-10-27 17:00:00,租賃車-小客車;普通重型-機車,25.06537,121.5389
2012-10-27 17:00:00,普通重型-機車;普通重型-機車,25.13024,121.5027
2012-10-27 17:20:00,計程車-小客車;普通重型-機車,25.05129,121.5164
2012-10-27 17:30:00,其他車-其他車;普通重型-機車,25.21030,121.6659
2012-10-27 17:40:00,自用-小客車;普通重型-機車;自用-小客車,25.13167,121.5030
2012-10-27 18:25:00,普通重型-機車;普通重型-機車,25.08703,121.5585
2012-10-27 18:40:00,自用-小貨車;普通重型-機車,25.09449,121.5504
2012-10-27 18:50:00,普通重型-機車;自用-小客車,25.00252,121.5554
2012-10-27 19:20:00,普通重型-機車,25.03911,121.6266
2012-10-27 20:23:00,自用-小客車;普通重型-機車,25.09922,121.5289
2012-10-27 20:30:00,普通重型-機車;行人-人,25.06343,121.5318
2012-10-27 20:50:00,普通重型-機車;普通重型-機車,25.11929,121.5106
2012-10-27 21:00:00,自用-小客車;普通重型-機車;普通重型-機車,25.10488,121.5386
2012-10-27 21:10:00,普通重型-機車;自用-小客車,25.06389,121.5373
2012-10-27 23:20:00,普通重型-機車;普通輕型-機車;普通輕型-機車,25.04988,121.5327
2012-10-27 23:22:00,普通重型-機車;行人-人,25.06983,121.6179
2012-10-27 23:40:00,普通重型-機車,25.09143,121.5165
2012-10-28 00:45:00,租賃車-小客車;普通重型-機車;普通重型-機車,25.04660,121.5481
2012-10-28 01:50:00,自用-小客車;普通重型-機車,25.14676,121.5509
2012-10-28 02:00:00,普通重型-機車;自用-小客車;普通重型-機車,25.07318,121.6101
2012-10-28 02:30:00,計程車-小客車;行人-人,25.03789,121.5654
2012-10-28 04:40:00,普通重型-機車;普通重型-機車;普通重型-機車,25.06285,121.5126
2012-10-28 05:22:00,普通重型-機車;普通重型-機車;普通重型-機車,25.04725,121.5567
2012-10-28 05:40:00,計程車-小客車;普通重型-機車,25.05013,121.5230
2012-10-28 06:40:00,自用-小客車;普通重型-機車,25.05466,121.5783
2012-10-28 07:21:00,腳踏自行車-慢車,25.00595,121.5384
2012-10-28 08:10:00,自用-小客車;普通重型-機車,25.06230,121.5383
2012-10-28 08:15:00,普通重型-機車;自用-小貨車;自用-小客車;自用-小貨車,25.04056,121.4984
2012-10-28 08:25:00,計程車-小客車;普通重型-機車,25.06834,121.5274
2012-10-28 09:05:00,自用-小客車;普通重型-機車,25.21030,121.6659
2012-10-28 09:20:00,普通重型-機車;計程車-小客車,25.02672,121.5467
2012-10-28 09:25:00,自用-小客車;普通重型-機車;普通重型-機車,25.04361,121.5727
2012-10-28 09:40:00,自用-小客車;普通重型-機車,25.04091,121.5831
2012-10-28 10:43:00,普通重型-機車;普通重型-機車,25.11451,121.5162
2012-10-28 11:37:00,自用-小客車;普通重型-機車,25.04803,121.5715
2012-10-28 11:50:00,計程車-小客車;普通重型-機車;普通重型-機車,25.01510,121.5544
2012-10-28 12:10:00,自用-小客車;普通重型-機車;普通重型-機車;普通重型-機車,25.21030,121.6659
2012-10-28 12:30:00,普通重型-機車;普通重型-機車;普通重型-機車,25.06564,121.5773
2012-10-28 12:30:00,計程車-小客車;普通重型-機車,25.11830,121.5304
2012-10-28 12:50:00,自用-小客車;普通重型-機車,25.08529,121.5515
2012-10-28 13:02:00,普通重型-機車;自用-小客車,25.02474,121.5605
2012-10-28 14:00:00,自用-小客車;普通重型-機車,25.03139,121.5643
2012-10-28 14:10:00,普通重型-機車;普通重型-機車,25.03527,121.4904
2012-10-28 14:30:00,普通重型-機車;行人-人,25.08306,121.5204
2012-10-28 14:57:00,自用-小貨車;普通重型-機車,25.08923,121.5255
2012-10-28 15:00:00,計程車-小客車;普通重型-機車;計程車-小客車;普通重型-機車,25.05192,121.5148
2012-10-28 15:30:00,自用-小客車;普通重型-機車,25.07496,121.6043
2012-10-28 15:30:00,自用-小客車;普通重型-機車;普通重型-機車,25.11696,121.5285
2012-10-28 15:44:00,普通重型-機車;自用-小客車,25.08706,121.5540
2012-10-28 16:20:00,自用-小客車;普通重型-機車;普通重型-機車,25.10973,121.5376
2012-10-28 16:23:00,自用-小客車;自用-小客車;自用-小客車,25.07596,121.5801
2012-10-28 16:30:00,民營客運-大客車;普通重型-機車,25.05320,121.5194
2012-10-28 17:10:00,自用-小客車;自用-小客車;自用-小客車,25.09657,121.5321
2012-10-28 17:35:00,自用-小客車;行人-人,25.03986,121.5438
2012-10-28 18:30:00,自用-小客車;普通重型-機車;普通重型-機車,25.21030,121.6659
2012-10-28 18:55:00,自用-小客車;腳踏自行車-慢車,25.08649,121.5577
2012-10-28 18:59:00,普通重型-機車;普通重型-機車;普通重型-機車,25.04056,121.4984
2012-10-28 19:00:00,計程車-小客車;行人-人;行人-人,25.08460,121.5545
2012-10-28 19:00:00,其他車-其他車;普通重型-機車,25.07526,121.5776
2012-10-28 19:00:00,自用-小客車;普通重型-機車,25.06481,121.6112
2012-10-28 19:10:00,自用-小客車;普通輕型-機車,25.21030,121.6659
2012-10-28 19:14:00,普通重型-機車;普通重型-機車,25.06043,121.5232
2012-10-28 19:54:00,普通輕型-機車;普通重型-機車,25.04980,121.5225
2012-10-28 20:20:00,計程車-小客車;普通重型-機車;普通重型-機車,25.07414,121.5128
2012-10-28 20:33:00,自用-小客車;腳踏自行車-慢車,25.05923,121.5575
2012-10-28 21:30:00,普通重型-機車;普通重型-機車,25.12448,121.4759
2012-10-28 22:10:00,普通重型-機車;腳踏自行車-慢車,25.21030,121.6659
2012-10-28 22:17:00,自用-小貨車;普通重型-機車,25.05925,121.5257
2012-10-28 22:25:00,普通重型-機車;普通重型-機車;普通重型-機車,25.10721,121.5327
2012-10-28 23:10:00,自用-小客車;普通重型-機車,25.10372,121.5272
2012-10-28 23:15:00,計程車-小客車;行人-人,25.05617,121.5345
2012-10-29 09:40:00,普通重型-機車;行人-人,25.03708,121.4998
2012-10-29 00:20:00,救護車-特種車;普通輕型-機車,25.04542,121.5660
2012-10-29 01:10:00,普通重型-機車,25.10143,121.5223
2012-10-29 04:05:00,營業用-大貨車;計程車-小客車;計程車-小客車;計程車-小客車,25.02210,121.5496
2012-10-29 07:20:00,普通重型-機車;普通重型-機車,25.21030,121.6659
2012-10-29 07:36:00,自用-小客車;普通重型-機車,25.03151,121.4979
2012-10-29 07:50:00,普通重型-機車;自用-小客車;自用-小客車,25.09241,121.5724
2012-10-29 08:00:00,普通重型-機車;普通重型-機車,25.01257,121.5409
2012-10-29 08:38:00,普通重型-機車;普通重型-機車,25.05905,121.5553
2012-10-29 08:46:00,普通重型-機車;民營公車-大客車;民營公車-大客車,25.05541,121.6070
2012-10-29 09:00:00,自用-小客車;計程車-小客車;自用-小客車;計程車-小客車,25.04687,121.5341
2012-10-29 09:15:00,普通輕型-機車;普通重型-機車,25.06171,121.5220
2012-10-29 09:55:00,自用-小客車;普通重型-機車,25.00236,121.5802
2012-10-29 10:00:00,自用-小客車;普通重型-機車;普通重型-機車,25.06640,121.5241
2012-10-29 11:01:00,民營公車-大客車;民營公車-大客車,25.07342,121.6122
2012-10-29 11:10:00,普通重型-機車;計程車-小客車,25.21030,121.6659
2012-10-29 12:00:00,自用-小客車;普通重型-機車,25.07342,121.6122
2012-10-29 12:00:00,普通重型-機車;普通重型-機車,25.06299,121.5202
2012-10-29 12:10:00,自用-小客車;普通輕型-機車,25.03301,121.5571
2012-10-29 13:40:00,普通重型-機車;行人-人,25.03797,121.5698
2012-10-29 14:00:00,普通重型-機車;自用-小貨車,25.21030,121.6659
2012-10-29 14:45:00,普通重型-機車;普通重型-機車,25.04664,121.5149
2012-10-29 15:30:00,普通重型-機車;普通重型-機車,25.07941,121.5177
2012-10-29 15:36:00,普通重型-機車;普通重型-機車,25.00472,121.5398
2012-10-29 15:55:00,普通重型-機車;普通重型-機車,25.03749,121.5067
2012-10-29 16:00:00,計程車-小客車;普通重型-機車,25.04763,121.5340
2012-10-29 16:10:00,自用-大貨車,25.21030,121.6659
2012-10-29 16:55:00,租賃車-小客車;普通重型-機車,25.04006,121.5806
2012-10-29 17:40:00,普通重型-機車,25.02210,121.5496
2012-10-29 17:58:00,計程車-小客車;自用-小客車;計程車-小客車,25.06654,121.5756
2012-10-29 18:20:00,普通重型-機車;腳踏自行車-慢車,25.07120,121.5385
2012-10-29 18:30:00,自用-小客車;普通重型-機車,25.02457,121.5517
2012-10-29 18:30:00,其他車-其他車;普通重型-機車,25.06596,121.5816
2012-10-29 18:40:00,計程車-小客車;大型重型1-機車,25.08302,121.5697
2012-10-29 18:47:00,自用-小客車;普通重型-機車,25.07596,121.5801
2012-10-29 18:47:00,普通輕型-機車;普通輕型-機車,25.04785,121.5471
2012-10-29 19:00:00,普通重型-機車;普通重型-機車,25.19944,121.4391
2012-10-29 19:12:00,普通重型-機車;普通重型-機車;普通重型-機車,25.04993,121.5695
2012-10-29 20:00:00,普通重型-機車;普通重型-機車,25.12356,121.4742
2012-10-29 20:30:00,普通重型-機車;普通重型-機車,25.06276,121.5287
2012-10-29 20:50:00,普通重型-機車;普通重型-機車;普通重型-機車,25.06803,121.5793
2012-10-29 21:20:00,計程車-小客車;行人-人,25.07471,121.6209
2012-10-29 22:20:00,自用-小客車;普通重型-機車,25.06868,121.5784
2012-10-29 22:20:00,租賃車-小客車;普通重型-機車,25.12194,121.5153
2012-10-29 22:28:00,自用-小客車;普通重型-機車,25.04295,121.5577
2012-10-30 00:39:00,普通重型-機車;計程車-小客車,25.06947,121.5444
2012-10-30 01:40:00,普通重型-機車;自用-小客車,25.07580,121.5794
2012-10-30 04:45:00,計程車-小客車;普通輕型-機車;普通輕型-機車,25.03987,121.4990
2012-10-30 06:20:00,普通重型-機車,25.02980,121.5506
2012-10-30 06:50:00,普通重型-機車;腳踏自行車-慢車;普通重型-機車,25.12266,121.4999
2012-10-30 07:05:00,自用-小客車;普通重型-機車,25.21030,121.6659
2012-10-30 07:40:00,普通重型-機車;普通重型-機車;普通重型-機車,25.03326,121.5554
2012-10-30 07:50:00,腳踏自行車-慢車,25.09543,121.5481
2012-10-30 08:00:00,自用-小客車;普通重型-機車,25.07138,121.5298
2012-10-30 08:30:00,其他車-其他車;普通重型-機車,25.10580,121.5118
2012-10-30 08:40:00,普通重型-機車;自用-小客車,25.14676,121.5509
2012-10-30 08:52:00,自用-小客車;普通重型-機車,25.19537,121.6078
2012-10-30 09:30:00,營業用-大貨車;計程車-小客車;自用-小客車,25.07496,121.6043
2012-10-30 10:10:00,普通重型-機車;普通重型-機車,25.07769,121.5106
2012-10-30 10:19:00,自用-小客車;普通重型-機車;普通重型-機車,25.05054,121.5404
2012-10-30 10:29:00,自用-小客車;普通重型-機車,25.04629,121.5671
2012-10-30 10:45:00,普通重型-機車;自用-小貨車,25.06517,121.5363
2012-10-30 10:51:00,普通重型-機車;自用-小客車,25.04599,121.5548
2012-10-30 11:20:00,普通重型-機車;自用-小貨車,25.08109,121.5752
2012-10-30 11:55:00,普通重型-機車;普通重型-機車,25.07769,121.5106
2012-10-30 12:14:00,自用-小客車;腳踏自行車-慢車,25.04959,121.5755
2012-10-30 12:15:00,普通重型-機車;普通重型-機車;普通輕型-機車;營業用-小貨車,25.07972,121.5714
2012-10-30 12:18:00,自用-小客車;普通重型-機車;普通重型-機車,25.05023,121.5294
2012-10-30 12:20:00,普通重型-機車;普通輕型-機車;自用-小貨車,25.04353,121.5830
2012-10-30 12:45:00,其他車-其他車;普通重型-機車,25.10580,121.5118
2012-10-30 13:17:00,普通重型-機車;普通重型-機車,25.08829,121.5676
2012-10-30 14:10:00,腳踏自行車-慢車;普通重型-機車,25.03361,121.4946
2012-10-30 14:25:00,自用-小客車;租賃車-小客車,25.04898,121.6157
2012-10-30 14:45:00,自用-小客車;普通重型-機車,25.07343,121.5424
2012-10-30 15:35:00,自用-小客車;普通重型-機車,25.10829,121.5459
2012-10-30 15:50:00,租賃車-小客車;行人-人,25.10899,121.5213
2012-10-30 16:30:00,普通重型-機車;自用-小客車;普通重型-機車,25.14017,121.5092
2012-10-30 17:30:00,普通重型-機車;自用-小客車,25.04504,121.5853
2012-10-30 17:39:00,其他車-其他車;腳踏自行車-慢車,25.01606,121.5279
2012-10-30 18:00:00,行人-人;普通重型-機車,25.13245,121.5027
2012-10-30 18:05:00,普通重型-機車;普通重型-機車;普通重型-機車;普通重型-機車,25.21030,121.6659
2012-10-30 18:20:00,普通輕型-機車;普通重型-機車,25.08528,121.5772
2012-10-30 18:30:00,普通重型-機車;普通重型-機車,25.05129,121.5164
2012-10-30 18:48:00,自用-小客車;計程車-小客車;計程車-小客車,25.06181,121.5462
2012-10-30 18:49:00,普通重型-機車;普通重型-機車,25.04177,121.5510
2012-10-30 19:00:00,普通重型-機車;自用-小客車,25.21030,121.6659
2012-10-30 19:10:00,自用-小貨車;行人-人,25.12025,121.5337
2012-10-30 19:10:00,普通重型-機車;腳踏自行車-慢車,25.02673,121.5017
2012-10-30 19:25:00,計程車-小客車;普通重型-機車,25.04003,121.5906
2012-10-30 19:30:00,自用-小客車;行人-人,25.08477,121.5573
2012-10-30 19:30:00,普通重型-機車;計程車-小客車,25.06331,121.5331
2012-10-30 19:40:00,其他車-其他車;行人-人,25.07096,121.5942
2012-10-30 19:55:00,普通重型-機車;自用-小客車,25.10742,121.5264
2012-10-30 20:15:00,腳踏自行車-慢車;普通重型-機車,25.03266,121.5556
2012-10-30 20:24:00,自用-小客車;普通重型-機車,25.06389,121.5373
2012-10-30 20:30:00,自用-小客車;行人-人,25.03912,121.5666
2012-10-30 20:33:00,普通重型-機車;行人-人;普通重型-機車,25.10863,121.5397
2012-10-30 20:37:00,普通重型-機車;普通輕型-機車,25.21030,121.6659
2012-10-30 20:53:00,自用-小客車;腳踏自行車-慢車,25.03587,121.5750
2012-10-30 21:00:00,自用-小客車,25.12416,121.5260
2012-10-30 21:01:00,計程車-小客車;普通重型-機車,25.06128,121.5327
2012-10-30 21:10:00,自用-小客車;普通重型-機車,25.21030,121.6659
2012-10-30 21:15:00,自用-小貨車;普通重型-機車,25.05517,121.5440
2012-10-30 21:19:00,自用-小客車;行人-人,25.04186,121.5004
2012-10-30 22:04:00,自用-小客車;行人-人,25.06365,121.5386
2012-10-30 22:14:00,其他車-其他車;普通重型-機車,25.04702,121.5274
2012-10-30 22:16:00,計程車-小客車;普通重型-機車,25.12388,121.5375
2012-10-30 22:35:00,普通重型-機車;計程車-小客車,25.05140,121.5751
2012-10-30 23:06:00,普通重型-機車;普通重型-機車,25.02792,121.5655
2012-10-30 23:40:00,計程車-小客車;普通重型-機車,25.04610,121.5697
2012-10-30 23:50:00,普通重型-機車;行人-人,25.21030,121.6659
2012-10-31 02:00:00,普通重型-機車;計程車-小客車,25.21030,121.6659
2012-10-31 05:08:00,普通重型-機車;自用-小客車;自用-小貨車,25.21030,121.6659
2012-10-31 05:40:00,普通重型-機車;腳踏自行車-慢車,25.04486,121.5860
2012-10-31 05:54:00,自用-小客車;行人-人,25.12054,121.4685
2012-10-31 06:45:00,普通重型-機車;腳踏自行車-慢車,25.21030,121.6659
2012-10-31 07:07:00,普通重型-機車;普通重型-機車,25.07941,121.5177
2012-10-31 07:20:00,普通重型-機車;行人-人;普通重型-機車,25.10632,121.5398
2012-10-31 07:50:00,普通重型-機車;普通重型-機車;普通重型-機車,25.03140,121.5514
2012-10-31 08:00:00,計程車-小客車;行人-人,25.02697,121.5473
2012-10-31 08:07:00,自用-小客車;普通重型-機車,25.05775,121.5461
2012-10-31 08:10:00,普通重型-機車;普通重型-機車,25.08536,121.5193
2012-10-31 08:19:00,計程車-小客車;普通重型-機車;自用-小客車,25.05840,121.5233
2012-10-31 08:20:00,自用-小客車;普通重型-機車,25.04963,121.5603
2012-10-31 08:25:00,普通重型-機車;腳踏自行車-慢車,25.21030,121.6659
2012-10-31 08:45:00,自用-小客車;普通重型-機車,25.05840,121.6083
2012-10-31 08:50:00,普通重型-機車;自用-小客車,25.06201,121.5127
2012-10-31 08:55:00,自用-小客車;普通重型-機車;自用-小客車,25.12036,121.5038
2012-10-31 08:58:00,自用-小客車;普通重型-機車,25.05454,121.5967
2012-10-31 09:00:00,計程車-小客車;普通重型-機車,25.03514,121.5388
2012-10-31 09:00:00,計程車-小客車;普通重型-機車,25.07526,121.5776
2012-10-31 09:54:00,普通重型-機車;普通重型-機車,25.05184,121.5702
2012-10-31 10:07:00,租賃車-小客車;普通輕型-機車,25.02617,121.5248
2012-10-31 10:30:00,普通重型-機車;普通重型-機車,25.05870,121.5278
2012-10-31 10:38:00,普通重型-機車;自用-小客車,25.04898,121.5710
2012-10-31 11:28:00,普通重型-機車;自用-小客車,25.02690,121.5253
2012-10-31 11:30:00,計程車-小客車;普通重型-機車;普通重型-機車,25.06985,121.5142
2012-10-31 11:40:00,自用-小客車;普通重型-機車;普通重型-機車,25.05159,121.5942
2012-10-31 12:05:00,普通重型-機車;自用-小客車,25.14676,121.5509
2012-10-31 12:30:00,自用-小客車;普通重型-機車,25.07340,121.6077
2012-10-31 13:05:00,自用-小客車;自用-小客車,25.04542,121.5660
2012-10-31 13:20:00,普通重型-機車;普通重型-機車,25.21030,121.6659
2012-10-31 13:20:00,自用-小客車;普通重型-機車,25.06863,121.5207
2012-10-31 13:24:00,計程車-小客車;自用-小客車,25.06685,121.5821
2012-10-31 14:27:00,自用-小客車;行人-人,25.21030,121.6659
2012-10-31 15:31:00,計程車-小客車;普通重型-機車,25.04609,121.5409
2012-10-31 15:40:00,普通重型-機車,25.07836,121.5275
2012-10-31 15:40:00,普通重型-機車;普通重型-機車,25.12377,121.4861
2012-10-31 15:41:00,普通重型-機車;腳踏自行車-慢車,25.03980,121.5019
2012-10-31 16:03:00,普通重型-機車;普通重型-機車,25.08408,121.5517
2012-10-31 16:10:00,自用-小客車;普通重型-機車,25.11824,121.5407
2012-10-31 16:30:00,普通重型-機車;營業用-小貨車,25.04880,121.5899
2012-10-31 16:55:00,普通重型-機車;普通重型-機車,25.08221,121.5154
2012-10-31 17:00:00,自用-小客車;行人-人,25.12354,121.5288
2012-10-31 17:34:00,租賃車-小客車;普通重型-機車,25.02463,121.5714
2012-10-31 17:50:00,計程車-小客車;普通重型-機車,25.05013,121.5230
2012-10-31 18:00:00,普通重型-機車;普通重型-機車,25.21030,121.6659
2012-10-31 18:00:00,普通重型-機車;自用-小貨車,25.02689,121.6033
2012-10-31 18:00:00,自用-小客車;普通重型-機車,25.04487,121.5864
2012-10-31 18:03:00,普通重型-機車;行人-人;普通重型-機車;行人-人,25.13273,121.5519
2012-10-31 19:00:00,營業用-大貨車;普通重型-機車;普通重型-機車,25.06947,121.5444
2012-10-31 19:22:00,行人-人;普通重型-機車,25.02128,121.5583
2012-10-31 20:55:00,自用-小客車;腳踏自行車-慢車,25.02168,121.5559
2012-10-31 22:00:00,普通重型-機車,25.05004,121.5908
2012-10-31 22:50:00,計程車-小客車;行人-人,25.05517,121.5440
2012-10-31 23:59:00,腳踏自行車-慢車;普通重型-機車,25.04332,121.5701
